OBJECTID,boundary_name,description,hunt_type,species,season,SHAPE__Area,SHAPE__Length
1,Cache,"Box Elder, Cache, Rich and Weber counties—Boundary begins at I-15 and the Utah-Idaho state line; south on I-15 to US-91; east on US-91 to US-89/91; north on US-89/91 to SR-101; east on SR-101 to Hardware Ranch and USFS Road 054 (Ant Flat road); south on USFS Road 054 to SR-39; east on SR-39 to SR-16 in Woodruff; southeast on SR-16 to the Utah-Wyoming state line; north along this state line to the Utah-Idaho state line; west along this state line to I-15. Excludes all CWMUs. USGS 1:100,000 Maps: Tremonton, Logan, Ogden. Boundary questions? Call the Ogden office, 801-476-2740. - A hunting permit does not authorize the permit holder to hunt on Native American trust lands, CWMUs (unless you specifically have a permit for that CWMU) or on National Park lands. Furthermore, it is the responsibility of hunters to learn if hunting is allowed and what specific rules and regulations may apply on National Monuments, National Wildlife Refuges, State Parks, UDWR Wildlife and Waterfowl Management areas, military installations and within the boundaries of cities, towns and municipalities. Written permission is required to hunt private lands.",OIAL,Moose,Fall 2026,8541392824.28516,505009.136935593
2,Chalk Creek,"Primarily private land—Summit and Duchesne counties—Boundary begins at I-84 and I-80 near Echo; northeast on I-80 to the Utah-Wyoming state line; southeast along this state line to SR-150; south on SR-150 to Pass Lake and the Weber River trail; west on this trail to Holiday Park and CR 2596 (Weber Canyon road); west on this road to SR-32; northwest on SR-32 to I-80 at Wanship; north on I-80 to I-84 near Echo. This hunt is comprised of all or largely private property. Hunters should acquire written permission from the landowner before applying for this hunt. USGS 1:100,000 Maps: Kings Peak, Ogden, Salt Lake City. Boundary questions? Call the Ogden office, (801) 476-2740. - A hunting permit does not authorize the permit holder to hunt on Native American trust lands, CWMUs (unless you specifically have a permit for that CWMU) or on National Park lands. Furthermore, it is the responsibility of hunters to learn if hunting is allowed and what specific rules and regulations may apply on National Monuments, National Wildlife Refuges, State Parks, UDWR Wildlife and Waterfowl Management areas, military installations and within the boundaries of cities, towns and municipalities. Written permission is required to hunt private lands.",OIAL,Moose,Fall 2026,2803508224.79297,273704.472436955
3,"East Canyon, Morgan-Summit","Morgan and Summit counties—Boundary begins at the junction of I-80 and I-84 at Echo; west on I-80 to the Salt Lake-Summit county line at Parley’s Summit; north along this county line to the Salt Lake-Morgan county line; north along this county line to the Morgan-Davis county line; north along this county line to I-84; east on I-84 to I-80 at Echo Junction. This hunt is comprised of all or largely private property. Hunters should acquire written permission from the landowner before applying for this hunt. USGS 1:100,000 Maps: Ogden, Salt Lake City. Boundary questions? Call the Ogden office, 801-476-2740. - A hunting permit does not authorize the permit holder to hunt on Native American trust lands, CWMUs (unless you specifically have a permit for that CWMU) or on National Park lands. Furthermore, it is the responsibility of hunters to learn if hunting is allowed and what specific rules and regulations may apply on National Monuments, National Wildlife Refuges, State Parks, UDWR Wildlife and Waterfowl Management areas, military installations and within the boundaries of cities, towns and municipalities. Written permission is required to hunt private lands.",OIAL,Moose,Fall 2026,1717556399.44531,214967.85842334
4,Morgan-South Rich,"Morgan, Rich, Summit and Weber counties—Boundary begins at I-80 and the Utah-Wyoming state line; west on I-80 to Echo Junction and I-84; west on I-84 to SR-167 at Mountain Green (Trappers Loop Road); north along SR-167 to SR-39; east along SR-39 to Woodruff and SR-16; southeast on SR-16 to the Utah-Wyoming state line; south along the state line to I-80. Excludes all CWMUs. This hunt is comprised of all or largely private property.  Hunters should acquire written permission from the landowner before applying for this hunt. USGS 1:100,000 Maps: Logan, Ogden. Boundary questions? Call the Ogden office, 801-476-2740. - A hunting permit does not authorize the permit holder to hunt on Native American trust lands, CWMUs (unless you specifically have a permit for that CWMU) or on National Park lands. Furthermore, it is the responsibility of hunters to learn if hunting is allowed and what specific rules and regulations may apply on National Monuments, National Wildlife Refuges, State Parks, UDWR Wildlife and Waterfowl Management areas, military installations and within the boundaries of cities, towns and municipalities. Written permission is required to hunt private lands.",OIAL,Moose,Fall 2026,4269238003.40625,299901.108953191
5,"North Slope, Summit","Summit County—Boundary begins at the Utah-Wyoming state line and SR-150; south on SR-150 to the Summit-Duchesne county line at Hayden Pass; east on this county line to the head of Burnt Fork drainage bottom(Divide Pass/Island Lake); north along this drainage bottom to the Utah-Wyoming state line; west on this state line to SR-150. Excludes all CWMUs. USGS 1:100,000 Maps: Kings Peak. Boundary questions? Call Ogden office, 801-476-2740. - A hunting permit does not authorize the permit holder to hunt on Native American trust lands, CWMUs (unless you specifically have a permit for that CWMU) or on National Park lands. Furthermore, it is the responsibility of hunters to learn if hunting is allowed and what specific rules and regulations may apply on National Monuments, National Wildlife Refuges, State Parks, UDWR Wildlife and Waterfowl Management areas, military installations and within the boundaries of cities, towns and municipalities. Written permission is required to hunt private lands.",OIAL,Moose,Fall 2026,2752507483.29297,283169.0842219
6,East Canyon,"Davis, Morgan, Salt Lake and Summit counties—Boundary begins at Echo Junction and I-80; southwest along I-80 to I-15; north on I-15 to its junction with I-84 near Ogden; east on I-84 to Echo Junction. This hunt is comprised of all or largely private property. Hunters should acquire written permission from the landowner before applying for this hunt. USGS 1:100,000 Maps: Salt Lake City, Ogden. Boundary questions? Call the Ogden office, 801-476-2740. - A hunting permit does not authorize the permit holder to hunt on Native American trust lands, CWMUs (unless you specifically have a permit for that CWMU) or on National Park lands. Furthermore, it is the responsibility of hunters to learn if hunting is allowed and what specific rules and regulations may apply on National Monuments, National Wildlife Refuges, State Parks, UDWR Wildlife and Waterfowl Management areas, military installations and within the boundaries of cities, towns and municipalities. Written permission is required to hunt private lands.",OIAL,Moose,Fall 2026,2864855080.24219,254046.203016068
7,"North Slope, Three Corners/West Daggett","Daggett and Summit counties—Boundary begins at the Utah-Wyoming-Colorado state line (Three Corners); south on the Utah-Colorado state line to the Green River; west along the Green River to Flaming Gorge Reservoir; west along the south shoreline of Flaming Gorge Reservoir to Cart Creek; south along this creek to US-191; south on US-191 to the Uintah/Daggett county line (summit of the Uinta Mountains); west along this summit to the head of Burnt Fork drainage (Divide Pass/Island Lake); north along the Burnt Fork drainage bottom and Burnt Fork Creek to the Utah-Wyoming state line; east on this state line to the Utah-Wyoming-Colorado state line (Three Corners). USGS 1:100,000 Maps: Dutch John, Kings Peak.  Boundary questions?  Call the Vernal office, 435-781-9453. - A hunting permit does not authorize the permit holder to hunt on Native American trust lands, CWMUs (unless you specifically have a permit for that CWMU) or on National Park lands. Furthermore, it is the responsibility of hunters to learn if hunting is allowed and what specific rules and regulations may apply on National Monuments, National Wildlife Refuges, State Parks, UDWR Wildlife and Waterfowl Management areas, military installations and within the boundaries of cities, towns and municipalities. Written permission is required to hunt private lands.",OIAL,Moose,Fall 2026,2805467585.96484,364268.954558707
8,Diamond Mtn/Vernal,"Daggett and Uintah counties—Boundary begins at the Green River and the Utah-Colorado state line; west along the Green River to Flaming Gorge Reservoir; west along the south shoreline of Flaming Gorge Reservoir to Cart Creek; south along this creek to US-191; south on US-191 to the Uintah/Daggett county line (summit of the Uinta Mountains); west along this summit to the Dry Fork-Whiterocks drainage divide; southwest along the divide to USFS Trail #025 and Whiterocks Lake; south along the lake and trail to the East Fork of the Whiterocks River;  south along this river to the Whiterocks river; south along this river to to the Uintah River; south along this river to the Duchesne River; south along this river to the Green River; south along this river to the White River; east along this river to the Utah-Colorado state line; north on this state line to the Green River. EXCLUDES ALL NATIVE AMERICAN TRUST LANDS WITHIN THIS BOUNDARY. USGS 1:100,000 Maps: Dutch John, Seep Ridge, Vernal. Boundary questions? Call the Vernal office, 435-781-9453. - A hunting permit does not authorize the permit holder to hunt on Native American trust lands, CWMUs (unless you specifically have a permit for that CWMU) or on National Park lands. Furthermore, it is the responsibility of hunters to learn if hunting is allowed and what specific rules and regulations may apply on National Monuments, National Wildlife Refuges, State Parks, UDWR Wildlife and Waterfowl Management areas, military installations and within the boundaries of cities, towns and municipalities. Written permission is required to hunt private lands.",OIAL,Moose,Fall 2026,7497475360.00781,573118.087195639
9,Box Elder,"Box Elder, Davis, Salt Lake, Tooele and Weber counties&#8212;Boundary begins at the Utah-Idaho state line and I-15; west on this state line to the Utah-Nevada state line; south on this state line to I-80; east on I-80 to I-15; north on I-15 to the Utah-Idaho state line. This hunt is comprised of all or largely private property. Excludes all CWMUs. USGS 1:100,000 Maps: Bonneville Salt Flat, Grouse Creek, Jackpot, Newfoundland Mountains, Promontory Point, Salt Lake City, Tooele, Tremonton, Wells, Wendover. Boundary questions? Call the Ogden office, 801-476-2740. - A hunting permit does not authorize the permit holder to hunt on Native American trust lands, CWMUs (unless you specifically have a permit for that CWMU) or on National Park lands. Furthermore, it is the responsibility of hunters to learn if hunting is allowed and what specific rules and regulations may apply on National Monuments, National Wildlife Refuges, State Parks, UDWR Wildlife and Waterfowl Management areas, military installations and within the boundaries of cities, towns and municipalities. Written permission is required to hunt private lands.",OIAL,Moose,Fall 2026,41282528227.6758,930699.970857543
10,Ogden,"Box Elder, Cache, Morgan and Weber counties—Boundary begins at US-91 and SR-101 west of Hyrum; east on SR-101 to Hardware Ranch and USFS Road 054 (Ant Flat Road); south on this road to SR-39; southwest on SR-39 to SR-167 (Trappers Loop Road); south on SR-167 to I-84 (Exit 92); west on I-84 to I-15; north on I-15 to US-91; northeast on US-91 to SR-101 west of Hyrum. This hunt is comprised of all or largely private property. Excludes all CWMUs. USGS 1:100,000 Maps: Logan, Ogden, Promontory Point. Boundary questions? Call the Ogden office, 801-476-2740. - A hunting permit does not authorize the permit holder to hunt on Native American trust lands, CWMUs (unless you specifically have a permit for that CWMU) or on National Park lands. Furthermore, it is the responsibility of hunters to learn if hunting is allowed and what specific rules and regulations may apply on National Monuments, National Wildlife Refuges, State Parks, UDWR Wildlife and Waterfowl Management areas, military installations and within the boundaries of cities, towns and municipalities. Written permission is required to hunt private lands.",OIAL,Moose,Fall 2026,2919371881.88672,250393.683822269
11,Kamas,"Summit and Wasatch counties—Boundary begins at I-80 and SR-32 at Wanship; south on SR-32 to Oakley and the Weber Canyon road (CR-2596); east on this road to Holiday Park and the Weber River Trail; east on this trail to SR-150 near Pass Lake; south and west on SR-150 to North Fork Provo River; south along  this river to the Provo River; south along this river to SR-35; west on SR-35 to Francis and SR-32; west on SR-32 to US-40; north on US-40 to I-80; north on I-80 to SR-32 at Wanship. Excludes all CWMUs. USGS 1:100,000 Maps: Kings Peak, Salt Lake City. Boundary questions? Call the Ogden office, 801-476-2740. - A hunting permit does not authorize the permit holder to hunt on Native American trust lands, CWMUs (unless you specifically have a permit for that CWMU) or on National Park lands. Furthermore, it is the responsibility of hunters to learn if hunting is allowed and what specific rules and regulations may apply on National Monuments, National Wildlife Refuges, State Parks, UDWR Wildlife and Waterfowl Management areas, military installations and within the boundaries of cities, towns and municipalities. Written permission is required to hunt private lands.",OIAL,Moose,Fall 2026,1545935458.64844,218410.149110613
12,Yellowstone,"Duchesne, Summit, Uintah and Wasatch counties—Boundary begins at SR-87 and US-40 in Duchesne; north on SR-87 to SR-35; northwest on SR-35 to the Provo River; north along this river to North Fork Provo River; north along this river to SR-150; east and north on SR-150 to the Summit-Duchesne county line (summit of the Uinta Mountains) at Hayden Pass; east along the summit of the Uinta Mountains to the Dry Fork-Whiterocks drainage divide; south atop this divide to USFS Trail #025; southwest on this trail to Whiterocks Lake and the East Fork of the Whiterocks River; south along this river to the Whiterocks River; south along this river to the Uinta River; south along this river to the Duchesne River; west along this river to US-40 at Myton; west on US-40 to SR-87 in Duchesne. EXCLUDES ALL NATIVE AMERICAN TRUST LAND WITHIN THIS BOUNDARY. USGS 1:100,000 Maps: Duchesne, Dutch John, Kings Peak, Provo, Salt Lake City, Vernal. Boundary questions? Call the Vernal office, 435-781-9453. - A hunting permit does not authorize the permit holder to hunt on Native American trust lands, CWMUs (unless you specifically have a permit for that CWMU) or on National Park lands. Furthermore, it is the responsibility of hunters to learn if hunting is allowed and what specific rules and regulations may apply on National Monuments, National Wildlife Refuges, State Parks, UDWR Wildlife and Waterfowl Management areas, military installations and within the boundaries of cities, towns and municipalities. Written permission is required to hunt private lands.",OIAL,Moose,Fall 2026,8736813034.38281,540494.380772232
13,Wasatch Mtns/Central Mtns,"Carbon, Duchesne, Emery, Juab, Millard, Salt Lake, Sanpete, Sevier, Summit, Utah and Wasatch counties—Boundary begins at the junction of I-15 and I-80 in Salt Lake City; east on I-80 to US-40; south on US-40 to SR-32; east on SR-32 to SR-35; southeast on SR-35 to SR-87; south on SR-87 to Duchesne and US-191; south on US-191 to US-6; southeast on US-6 to Price and SR-10; south on SR-10 to I-70; west on I-70 to US-50 at Salina; northwest on US-50 to I-15 at Scipio; north on I-15 to I-80 in Salt Lake City. EXCLUDING ALL NATIVE AMERICAN TRUST LAND WITHIN THIS BOUNDARY. Excludes all CWMUs. USGS 1:100,000 Maps: Delta, Duchesne, Huntington, Manti, Nephi, Price, Provo, Salina, Salt Lake City. Boundary questions? Call the Springville office, 801-491-5678; the Vernal office, 435-781-9453; or the Price office, 435-613-3700. - A hunting permit does not authorize the permit holder to hunt on Native American trust lands, CWMUs (unless you specifically have a permit for that CWMU) or on National Park lands. Furthermore, it is the responsibility of hunters to learn if hunting is allowed and what specific rules and regulations may apply on National Monuments, National Wildlife Refuges, State Parks, UDWR Wildlife and Waterfowl Management areas, military installations and within the boundaries of cities, towns and municipalities. Written permission is required to hunt private lands.",OIAL,Moose,Fall 2026,30255632187.1094,880355.377776132
