boundary_id,boundary_name,source_file,source_type,source_date
1,Antelope Island,D:/Users/tyler/Desktop/test website/hunt_boundaries.geojson,GeoJSON,
8,"Book Cliffs, East",D:/Users/tyler/Desktop/test website/hunt_boundaries.geojson,GeoJSON,
13,"Book Cliffs, Rattlesnake Canyon",D:/Users/tyler/Desktop/test website/hunt_boundaries.geojson,GeoJSON,
15,"Book Cliffs, South",D:/Users/tyler/Desktop/test website/hunt_boundaries.geojson,GeoJSON,
24,"Box Elder, Promontory",D:/Users/tyler/Desktop/test website/hunt_boundaries.geojson,GeoJSON,
26,"Box Elder, Raft River",D:/Users/tyler/Desktop/test website/hunt_boundaries.geojson,GeoJSON,
29,Cache,D:/Users/tyler/Desktop/test website/hunt_boundaries.geojson,GeoJSON,
41,"Cache, South",D:/Users/tyler/Desktop/test website/hunt_boundaries.geojson,GeoJSON,
42,Central Mtns,D:/Users/tyler/Desktop/test website/hunt_boundaries.geojson,GeoJSON,
56,Nebo (excludes West Face),D:/Users/tyler/Desktop/test website/hunt_boundaries.geojson,GeoJSON,
57,Nebo-West Face,D:/Users/tyler/Desktop/test website/hunt_boundaries.geojson,GeoJSON,
59,"Manti, Northwest",D:/Users/tyler/Desktop/test website/hunt_boundaries.geojson,GeoJSON,
63,"Manti, Southeast",D:/Users/tyler/Desktop/test website/hunt_boundaries.geojson,GeoJSON,
71,Chalk Creek/Kamas,D:/Users/tyler/Desktop/test website/hunt_boundaries.geojson,GeoJSON,
76,"East Canyon, Davis",D:/Users/tyler/Desktop/test website/hunt_boundaries.geojson,GeoJSON,
79,"East Canyon, Morgan-Summit",D:/Users/tyler/Desktop/test website/hunt_boundaries.geojson,GeoJSON,
100,"Kaiparowits, West",D:/Users/tyler/Desktop/test website/hunt_boundaries.geojson,GeoJSON,
140,"North Slope, Three Corners",D:/Users/tyler/Desktop/test website/hunt_boundaries.geojson,GeoJSON,
171,Plateau,D:/Users/tyler/Desktop/test website/hunt_boundaries.geojson,GeoJSON,
185,"San Juan, Elk Ridge",D:/Users/tyler/Desktop/test website/hunt_boundaries.geojson,GeoJSON,
187,"San Juan, Lockhart",D:/Users/tyler/Desktop/test website/hunt_boundaries.geojson,GeoJSON,
191,San Rafael,D:/Users/tyler/Desktop/test website/hunt_boundaries.geojson,GeoJSON,
193,"San Rafael, Dirty Devil",D:/Users/tyler/Desktop/test website/hunt_boundaries.geojson,GeoJSON,
195,"San Rafael, South",D:/Users/tyler/Desktop/test website/hunt_boundaries.geojson,GeoJSON,
226,"Wasatch Mtns, Cascade",D:/Users/tyler/Desktop/test website/hunt_boundaries.geojson,GeoJSON,
227,"Wasatch Mtns, Currant Creek",D:/Users/tyler/Desktop/test website/hunt_boundaries.geojson,GeoJSON,
237,"Wasatch Mtns, Timpanogos A",D:/Users/tyler/Desktop/test website/hunt_boundaries.geojson,GeoJSON,
243,"West Desert, Mtn Ranges",D:/Users/tyler/Desktop/test website/hunt_boundaries.geojson,GeoJSON,
248,"West Desert, Vernon",D:/Users/tyler/Desktop/test website/hunt_boundaries.geojson,GeoJSON,
444,Diamond Mtn/Vernal/Bonanza,D:/Users/tyler/Desktop/test website/hunt_boundaries.geojson,GeoJSON,
445,"Manti, Northeast",D:/Users/tyler/Desktop/test website/hunt_boundaries.geojson,GeoJSON,
446,"Manti, Southwest",D:/Users/tyler/Desktop/test website/hunt_boundaries.geojson,GeoJSON,
449,"Book Cliffs, Bitter Creek/South",D:/Users/tyler/Desktop/test website/hunt_boundaries.geojson,GeoJSON,
607,Box Elder,D:/Users/tyler/Desktop/test website/hunt_boundaries.geojson,GeoJSON,
610,Chalk Creek/East Canyon/Morgan-South Rich,D:/Users/tyler/Desktop/test website/hunt_boundaries.geojson,GeoJSON,
612,North Slope,D:/Users/tyler/Desktop/test website/hunt_boundaries.geojson,GeoJSON,
615,Nine Mile,D:/Users/tyler/Desktop/test website/hunt_boundaries.geojson,GeoJSON,
616,Nebo,D:/Users/tyler/Desktop/test website/hunt_boundaries.geojson,GeoJSON,
618,"San Juan, Abajo Mtns",D:/Users/tyler/Desktop/test website/hunt_boundaries.geojson,GeoJSON,
620,"Wasatch Mtns, West",D:/Users/tyler/Desktop/test website/hunt_boundaries.geojson,GeoJSON,
621,"Wasatch Mtns, East",D:/Users/tyler/Desktop/test website/hunt_boundaries.geojson,GeoJSON,
623,"West Desert, West",D:/Users/tyler/Desktop/test website/hunt_boundaries.geojson,GeoJSON,
628,Beaver,D:/Users/tyler/Desktop/test website/hunt_boundaries.geojson,GeoJSON,
632,Thousand Lakes,D:/Users/tyler/Desktop/test website/hunt_boundaries.geojson,GeoJSON,
633,Fishlake,D:/Users/tyler/Desktop/test website/hunt_boundaries.geojson,GeoJSON,
638,"Book Cliffs, Wild Horse Bench",D:/Users/tyler/Desktop/test website/hunt_boundaries.geojson,GeoJSON,
668,"Fillmore, Oak Creek (cougar)",D:/Users/tyler/Desktop/test website/hunt_boundaries.geojson,GeoJSON,
684,La Sal,D:/Users/tyler/Desktop/test website/hunt_boundaries.geojson,GeoJSON,
688,"La Sal, Potash/South Cisco",D:/Users/tyler/Desktop/test website/hunt_boundaries.geojson,GeoJSON,
32767,Youth Multiseason Elk,D:/Users/tyler/Desktop/test website/hunt_boundaries.geojson,GeoJSON,
7,Book Cliffs,D:/Users/tyler/Desktop/test website/hunt_boundaries.geojson,GeoJSON,
9,"Book Cliffs, Bitter Creek-McCook Ridge",D:/Users/tyler/Desktop/test website/hunt_boundaries.geojson,GeoJSON,
20,"Box Elder, Newfoundland Mtn",D:/Users/tyler/Desktop/test website/hunt_boundaries.geojson,GeoJSON,
28,"Box Elder, West Bear River",D:/Users/tyler/Desktop/test website/hunt_boundaries.geojson,GeoJSON,
32,"Cache, Crawford Mtn",D:/Users/tyler/Desktop/test website/hunt_boundaries.geojson,GeoJSON,
97,Kaiparowits,D:/Users/tyler/Desktop/test website/hunt_boundaries.geojson,GeoJSON,
98,"Kaiparowits, East",D:/Users/tyler/Desktop/test website/hunt_boundaries.geojson,GeoJSON,
99,"Kaiparowits, Escalante",D:/Users/tyler/Desktop/test website/hunt_boundaries.geojson,GeoJSON,
145,High Uintas Central,D:/Users/tyler/Desktop/test website/hunt_boundaries.geojson,GeoJSON,
146,High Uintas East,D:/Users/tyler/Desktop/test website/hunt_boundaries.geojson,GeoJSON,
147,High Uintas Leidy Peak,D:/Users/tyler/Desktop/test website/hunt_boundaries.geojson,GeoJSON,
148,High Uintas West,D:/Users/tyler/Desktop/test website/hunt_boundaries.geojson,GeoJSON,
157,"Ogden, Willard Peak",D:/Users/tyler/Desktop/test website/hunt_boundaries.geojson,GeoJSON,
186,"San Juan, Hatch Point",D:/Users/tyler/Desktop/test website/hunt_boundaries.geojson,GeoJSON,
225,"Wasatch Mtns, Box Elder Peak",D:/Users/tyler/Desktop/test website/hunt_boundaries.geojson,GeoJSON,
231,"Wasatch Mtns, Lone Peak",D:/Users/tyler/Desktop/test website/hunt_boundaries.geojson,GeoJSON,
233,"Wasatch Mtns, Provo Peak",D:/Users/tyler/Desktop/test website/hunt_boundaries.geojson,GeoJSON,
244,"West Desert, Riverbed",D:/Users/tyler/Desktop/test website/hunt_boundaries.geojson,GeoJSON,
246,"West Desert, Snake Valley",D:/Users/tyler/Desktop/test website/hunt_boundaries.geojson,GeoJSON,
287,"North Slope, Three Corners-Bare Top",D:/Users/tyler/Desktop/test website/hunt_boundaries.geojson,GeoJSON,
288,Stansbury,D:/Users/tyler/Desktop/test website/hunt_boundaries.geojson,GeoJSON,
443,"San Rafael, Desert",D:/Users/tyler/Desktop/test website/hunt_boundaries.geojson,GeoJSON,
452,Diamond Mtn/Vernal,D:/Users/tyler/Desktop/test website/hunt_boundaries.geojson,GeoJSON,
453,Mt Dutton/Paunsaugunt,D:/Users/tyler/Desktop/test website/hunt_boundaries.geojson,GeoJSON,
484,Little Red Creek,D:/Users/tyler/Desktop/test website/hunt_boundaries.geojson,GeoJSON,
493,Ingham Peak,D:/Users/tyler/Desktop/test website/hunt_boundaries.geojson,GeoJSON,
498,Bootjack,D:/Users/tyler/Desktop/test website/hunt_boundaries.geojson,GeoJSON,
510,Blue Spring Hills,D:/Users/tyler/Desktop/test website/hunt_boundaries.geojson,GeoJSON,
521,Two Bear,D:/Users/tyler/Desktop/test website/hunt_boundaries.geojson,GeoJSON,
523,State Corner,D:/Users/tyler/Desktop/test website/hunt_boundaries.geojson,GeoJSON,
529,Boobe Hole,D:/Users/tyler/Desktop/test website/hunt_boundaries.geojson,GeoJSON,
530,Grazing Pasture,D:/Users/tyler/Desktop/test website/hunt_boundaries.geojson,GeoJSON,
534,Oak Ranch,D:/Users/tyler/Desktop/test website/hunt_boundaries.geojson,GeoJSON,
535,Old Woman Plateau,D:/Users/tyler/Desktop/test website/hunt_boundaries.geojson,GeoJSON,
536,Round Valley,D:/Users/tyler/Desktop/test website/hunt_boundaries.geojson,GeoJSON,
537,Zane,D:/Users/tyler/Desktop/test website/hunt_boundaries.geojson,GeoJSON,
553,Three C,D:/Users/tyler/Desktop/test website/hunt_boundaries.geojson,GeoJSON,
558,Westlake,D:/Users/tyler/Desktop/test website/hunt_boundaries.geojson,GeoJSON,
560,Causey Spring,D:/Users/tyler/Desktop/test website/hunt_boundaries.geojson,GeoJSON,
561,Beaver Hollow,D:/Users/tyler/Desktop/test website/hunt_boundaries.geojson,GeoJSON,
578,Skull Crack,D:/Users/tyler/Desktop/test website/hunt_boundaries.geojson,GeoJSON,
582,Bear Mountain,D:/Users/tyler/Desktop/test website/hunt_boundaries.geojson,GeoJSON,
588,Chrises Creek,D:/Users/tyler/Desktop/test website/hunt_boundaries.geojson,GeoJSON,
590,Rabbit Creek,D:/Users/tyler/Desktop/test website/hunt_boundaries.geojson,GeoJSON,
598,Buckhorn Ranch,D:/Users/tyler/Desktop/test website/hunt_boundaries.geojson,GeoJSON,
604,Bluebell,D:/Users/tyler/Desktop/test website/hunt_boundaries.geojson,GeoJSON,
619,Manti/San Rafael,D:/Users/tyler/Desktop/test website/hunt_boundaries.geojson,GeoJSON,
641,New Harmony,D:/Users/tyler/Desktop/test website/hunt_boundaries.geojson,GeoJSON,
667,"Book Cliffs, Bitter Creek (pronghorn)",D:/Users/tyler/Desktop/test website/hunt_boundaries.geojson,GeoJSON,
683,"Box Elder, Pilot Mtn B",D:/Users/tyler/Desktop/test website/hunt_boundaries.geojson,GeoJSON,
4,"Beaver, Manderfield-Sulfurdale",D:/Users/tyler/Desktop/test website/hunt_boundaries.geojson,GeoJSON,
17,"Box Elder, Grouse-Sawtooth",D:/Users/tyler/Desktop/test website/hunt_boundaries.geojson,GeoJSON,
34,"Cache, Millville Face (1)",D:/Users/tyler/Desktop/test website/hunt_boundaries.geojson,GeoJSON,
35,"Cache, Millville Face (2)",D:/Users/tyler/Desktop/test website/hunt_boundaries.geojson,GeoJSON,
45,"Manti, Ferron Canyon",D:/Users/tyler/Desktop/test website/hunt_boundaries.geojson,GeoJSON,
46,Gilluly,D:/Users/tyler/Desktop/test website/hunt_boundaries.geojson,GeoJSON,
48,Gunnison Valley,D:/Users/tyler/Desktop/test website/hunt_boundaries.geojson,GeoJSON,
49,"Manti, Horn Mtn",D:/Users/tyler/Desktop/test website/hunt_boundaries.geojson,GeoJSON,
50,Juab County name needs updating,D:/Users/tyler/Desktop/test website/hunt_boundaries.geojson,GeoJSON,
60,Nebo Northwest,D:/Users/tyler/Desktop/test website/hunt_boundaries.geojson,GeoJSON,
61,Sanpete Valley,D:/Users/tyler/Desktop/test website/hunt_boundaries.geojson,GeoJSON,
62,South Manti,D:/Users/tyler/Desktop/test website/hunt_boundaries.geojson,GeoJSON,
64,Southwest Nebo,D:/Users/tyler/Desktop/test website/hunt_boundaries.geojson,GeoJSON,
65,West Manti,D:/Users/tyler/Desktop/test website/hunt_boundaries.geojson,GeoJSON,
66,West Nebo,D:/Users/tyler/Desktop/test website/hunt_boundaries.geojson,GeoJSON,
70,"Chalk Creek, East Coalville",D:/Users/tyler/Desktop/test website/hunt_boundaries.geojson,GeoJSON,
72,"Chalk Creek, North",D:/Users/tyler/Desktop/test website/hunt_boundaries.geojson,GeoJSON,
73,"Chalk Creek, Private Lands",D:/Users/tyler/Desktop/test website/hunt_boundaries.geojson,GeoJSON,
74,"Chalk Creek, South",D:/Users/tyler/Desktop/test website/hunt_boundaries.geojson,GeoJSON,
77,"East Canyon, Davis-North Salt Lake",D:/Users/tyler/Desktop/test website/hunt_boundaries.geojson,GeoJSON,
78,"East Canyon, Morgan",D:/Users/tyler/Desktop/test website/hunt_boundaries.geojson,GeoJSON,
80,"East Canyon, Summit",D:/Users/tyler/Desktop/test website/hunt_boundaries.geojson,GeoJSON,
103,"Kamas, Francis",D:/Users/tyler/Desktop/test website/hunt_boundaries.geojson,GeoJSON,
104,"Kamas, Oakley",D:/Users/tyler/Desktop/test website/hunt_boundaries.geojson,GeoJSON,
105,"Kamas, West Hills",D:/Users/tyler/Desktop/test website/hunt_boundaries.geojson,GeoJSON,
114,"Monroe, Greenwich",D:/Users/tyler/Desktop/test website/hunt_boundaries.geojson,GeoJSON,
134,"North Slope, Greendale",D:/Users/tyler/Desktop/test website/hunt_boundaries.geojson,GeoJSON,
135,"North Slope, Henrys Fork-Burnt Fork",D:/Users/tyler/Desktop/test website/hunt_boundaries.geojson,GeoJSON,
136,"North Slope, Lucerne Point",D:/Users/tyler/Desktop/test website/hunt_boundaries.geojson,GeoJSON,
137,"North Slope, Manila-Phil Pico",D:/Users/tyler/Desktop/test website/hunt_boundaries.geojson,GeoJSON,
155,"Ogden, South",D:/Users/tyler/Desktop/test website/hunt_boundaries.geojson,GeoJSON,
167,"Pine Valley, Beryl Junction",D:/Users/tyler/Desktop/test website/hunt_boundaries.geojson,GeoJSON,
169,"Pine Valley, Enterprise",D:/Users/tyler/Desktop/test website/hunt_boundaries.geojson,GeoJSON,
177,Valley Area,D:/Users/tyler/Desktop/test website/hunt_boundaries.geojson,GeoJSON,
184,"San Juan, East Of US-191",D:/Users/tyler/Desktop/test website/hunt_boundaries.geojson,GeoJSON,
216,"Southwest Desert, Garrison",D:/Users/tyler/Desktop/test website/hunt_boundaries.geojson,GeoJSON,
217,"Southwest Desert, Milford Flat",D:/Users/tyler/Desktop/test website/hunt_boundaries.geojson,GeoJSON,
223,"Wasatch Mtns, Alpine",D:/Users/tyler/Desktop/test website/hunt_boundaries.geojson,GeoJSON,
228,"Wasatch Mtns, Currant Creek-South Of US-40",D:/Users/tyler/Desktop/test website/hunt_boundaries.geojson,GeoJSON,
230,"Wasatch Mtns, East Heber",D:/Users/tyler/Desktop/test website/hunt_boundaries.geojson,GeoJSON,
232,"Wasatch Mtns, Park City",D:/Users/tyler/Desktop/test website/hunt_boundaries.geojson,GeoJSON,
238,"Wasatch Mtns, Wallsburg",D:/Users/tyler/Desktop/test website/hunt_boundaries.geojson,GeoJSON,
240,"Wasatch Mtns, West Heber",D:/Users/tyler/Desktop/test website/hunt_boundaries.geojson,GeoJSON,
430,"Fillmore, Chalk Creek A",D:/Users/tyler/Desktop/test website/hunt_boundaries.geojson,GeoJSON,
434,South Browns Park,D:/Users/tyler/Desktop/test website/hunt_boundaries.geojson,GeoJSON,
438,"Mt Dutton, Deep Creek",D:/Users/tyler/Desktop/test website/hunt_boundaries.geojson,GeoJSON,
440,"West Desert, Deep Creek-Ibapah",D:/Users/tyler/Desktop/test website/hunt_boundaries.geojson,GeoJSON,
480,"Wasatch Mtns, Timpanogos B",D:/Users/tyler/Desktop/test website/hunt_boundaries.geojson,GeoJSON,
674,"Ogden, South Cache",D:/Users/tyler/Desktop/test website/hunt_boundaries.geojson,GeoJSON,
677,Morgan-South Rich B,D:/Users/tyler/Desktop/test website/hunt_boundaries.geojson,GeoJSON,
5,"Beaver, Marysvale",D:/Users/tyler/Desktop/test website/hunt_boundaries.geojson,GeoJSON,
10,"Book Cliffs, Bitter Creek-Willow Creek",D:/Users/tyler/Desktop/test website/hunt_boundaries.geojson,GeoJSON,
14,"Book Cliffs, San Arroyo",D:/Users/tyler/Desktop/test website/hunt_boundaries.geojson,GeoJSON,
30,"Cache, East",D:/Users/tyler/Desktop/test website/hunt_boundaries.geojson,GeoJSON,
37,"Cache, North Rich",D:/Users/tyler/Desktop/test website/hunt_boundaries.geojson,GeoJSON,
38,"Cache, Rich",D:/Users/tyler/Desktop/test website/hunt_boundaries.geojson,GeoJSON,
39,"Cache, Richards Hollow",D:/Users/tyler/Desktop/test website/hunt_boundaries.geojson,GeoJSON,
43,"Manti, Central",D:/Users/tyler/Desktop/test website/hunt_boundaries.geojson,GeoJSON,
58,"Manti, North",D:/Users/tyler/Desktop/test website/hunt_boundaries.geojson,GeoJSON,
83,"Fillmore, McCornick",D:/Users/tyler/Desktop/test website/hunt_boundaries.geojson,GeoJSON,
89,"Fillmore, Pahvant South",D:/Users/tyler/Desktop/test website/hunt_boundaries.geojson,GeoJSON,
96,Boulder-Circle Cliffs,D:/Users/tyler/Desktop/test website/hunt_boundaries.geojson,GeoJSON,
120,"Morgan-South Rich, East Lost Creek",D:/Users/tyler/Desktop/test website/hunt_boundaries.geojson,GeoJSON,
121,"Morgan-South Rich, Henefer-Echo WMA",D:/Users/tyler/Desktop/test website/hunt_boundaries.geojson,GeoJSON,
122,"Morgan-South Rich, South Rich",D:/Users/tyler/Desktop/test website/hunt_boundaries.geojson,GeoJSON,
124,"Morgan-South Rich, West Lost Creek",D:/Users/tyler/Desktop/test website/hunt_boundaries.geojson,GeoJSON,
126,"Mt Dutton/Paunsaugunt, Johns Valley A",D:/Users/tyler/Desktop/test website/hunt_boundaries.geojson,GeoJSON,
132,"Nine Mile, West Anthro",D:/Users/tyler/Desktop/test website/hunt_boundaries.geojson,GeoJSON,
138,"North Slope, Summit",D:/Users/tyler/Desktop/test website/hunt_boundaries.geojson,GeoJSON,
159,"Oquirrh-Stansbury, Oquirrh Mtns",D:/Users/tyler/Desktop/test website/hunt_boundaries.geojson,GeoJSON,
172,Boulder,D:/Users/tyler/Desktop/test website/hunt_boundaries.geojson,GeoJSON,
173,Boulder-Salt Gulch,D:/Users/tyler/Desktop/test website/hunt_boundaries.geojson,GeoJSON,
189,"San Juan, North Elk Ridge",D:/Users/tyler/Desktop/test website/hunt_boundaries.geojson,GeoJSON,
203,Arcadia,D:/Users/tyler/Desktop/test website/hunt_boundaries.geojson,GeoJSON,
229,"Wasatch Mtns, Diamond Fork",D:/Users/tyler/Desktop/test website/hunt_boundaries.geojson,GeoJSON,
236,"Wasatch Mtns, Strawberry",D:/Users/tyler/Desktop/test website/hunt_boundaries.geojson,GeoJSON,
467,"Beaver, Circleville",D:/Users/tyler/Desktop/test website/hunt_boundaries.geojson,GeoJSON,
468,"Beaver, North Creek",D:/Users/tyler/Desktop/test website/hunt_boundaries.geojson,GeoJSON,
471,"Paunsaugunt, Skutumpah",D:/Users/tyler/Desktop/test website/hunt_boundaries.geojson,GeoJSON,
473,Fishlake-Gooseberry,D:/Users/tyler/Desktop/test website/hunt_boundaries.geojson,GeoJSON,
474,"Fillmore, Oak City",D:/Users/tyler/Desktop/test website/hunt_boundaries.geojson,GeoJSON,
475,"Panguitch Lake, Cottonwood",D:/Users/tyler/Desktop/test website/hunt_boundaries.geojson,GeoJSON,
476,"Panguitch Lake, Summit",D:/Users/tyler/Desktop/test website/hunt_boundaries.geojson,GeoJSON,
670,"Nine Mile, Avintaquin-West Anthro",D:/Users/tyler/Desktop/test website/hunt_boundaries.geojson,GeoJSON,
673,"Fillmore, Pahvant North",D:/Users/tyler/Desktop/test website/hunt_boundaries.geojson,GeoJSON,
676,"Fillmore, Chalk Creek",D:/Users/tyler/Desktop/test website/hunt_boundaries.geojson,GeoJSON,
689,"Henry Mtns, South",D:/Users/tyler/Desktop/test website/hunt_boundaries.geojson,GeoJSON,
691,"Monroe, Middle",D:/Users/tyler/Desktop/test website/hunt_boundaries.geojson,GeoJSON,
692,"Monroe, South",D:/Users/tyler/Desktop/test website/hunt_boundaries.geojson,GeoJSON,
693,"Mt Dutton, East",D:/Users/tyler/Desktop/test website/hunt_boundaries.geojson,GeoJSON,
696,Boulder Parker Mtn,D:/Users/tyler/Desktop/test website/hunt_boundaries.geojson,GeoJSON,
699,Fishlake/Thousand Lakes West,D:/Users/tyler/Desktop/test website/hunt_boundaries.geojson,GeoJSON,
700,West Box Elder County,D:/Users/tyler/Desktop/test website/hunt_boundaries.geojson,GeoJSON,
701,Rich County B,D:/Users/tyler/Desktop/test website/hunt_boundaries.geojson,GeoJSON,
702,"Diamond, Blue Mtn",D:/Users/tyler/Desktop/test website/hunt_boundaries.geojson,GeoJSON,
704,East Box Elder County,D:/Users/tyler/Desktop/test website/hunt_boundaries.geojson,GeoJSON,
705,Cache County (Sandhill crane),D:/Users/tyler/Desktop/test website/hunt_boundaries.geojson,GeoJSON,
706,Rich County C,D:/Users/tyler/Desktop/test website/hunt_boundaries.geojson,GeoJSON,
707,Uintah County B,D:/Users/tyler/Desktop/test website/hunt_boundaries.geojson,GeoJSON,
708,Northeast Box Elder County (Sharp-tailed grouse),D:/Users/tyler/Desktop/test website/hunt_boundaries.geojson,GeoJSON,
19,"Box Elder, Howell-Bothwell-Penrose",D:/Users/tyler/Desktop/test website/hunt_boundaries.geojson,GeoJSON,
47,"Manti, Gordon Creek-Price Canyon",D:/Users/tyler/Desktop/test website/hunt_boundaries.geojson,GeoJSON,
52,"Manti, North",D:/Users/tyler/Desktop/test website/hunt_boundaries.geojson,GeoJSON,
53,Manti-South,D:/Users/tyler/Desktop/test website/hunt_boundaries.geojson,GeoJSON,
82,"Fillmore, Delta-Sevier River",D:/Users/tyler/Desktop/test website/hunt_boundaries.geojson,GeoJSON,
102,High Uintas Kamas,D:/Users/tyler/Desktop/test website/hunt_boundaries.geojson,GeoJSON,
151,Northern Region,D:/Users/tyler/Desktop/test website/hunt_boundaries.geojson,GeoJSON,
214,Southern Region A,D:/Users/tyler/Desktop/test website/hunt_boundaries.geojson,GeoJSON,
224,"Wasatch Mtns, Avintaquin A",D:/Users/tyler/Desktop/test website/hunt_boundaries.geojson,GeoJSON,
242,"West Desert, East",D:/Users/tyler/Desktop/test website/hunt_boundaries.geojson,GeoJSON,
247,"West Desert, Tintic-Vernon",D:/Users/tyler/Desktop/test website/hunt_boundaries.geojson,GeoJSON,
263,Southeastern Region A,D:/Users/tyler/Desktop/test website/hunt_boundaries.geojson,GeoJSON,
264,Northeastern Region,D:/Users/tyler/Desktop/test website/hunt_boundaries.geojson,GeoJSON,
280,Ogden Extended Archery Area,D:/Users/tyler/Desktop/test website/hunt_boundaries.geojson,GeoJSON,
431,"North Slope, North Browns Park",D:/Users/tyler/Desktop/test website/hunt_boundaries.geojson,GeoJSON,
432,"Panguitch Lake, Panguitch Valley",D:/Users/tyler/Desktop/test website/hunt_boundaries.geojson,GeoJSON,
448,"Wasatch Mtns, West-Central",D:/Users/tyler/Desktop/test website/hunt_boundaries.geojson,GeoJSON,
456,Cache/East Canyon/Morgan-South Rich/Ogden,D:/Users/tyler/Desktop/test website/hunt_boundaries.geojson,GeoJSON,
457,"Chalk Creek/Kamas/North Slope, Summit",D:/Users/tyler/Desktop/test website/hunt_boundaries.geojson,GeoJSON,
458,"Fillmore, Pahvant/Beaver",D:/Users/tyler/Desktop/test website/hunt_boundaries.geojson,GeoJSON,
462,Panguitch Lake/Zion,D:/Users/tyler/Desktop/test website/hunt_boundaries.geojson,GeoJSON,
463,"Wasatch Mtns, Avintaquin/Currant Creek",D:/Users/tyler/Desktop/test website/hunt_boundaries.geojson,GeoJSON,
491,South Canyon,D:/Users/tyler/Desktop/test website/hunt_boundaries.geojson,GeoJSON,
526,Alton,D:/Users/tyler/Desktop/test website/hunt_boundaries.geojson,GeoJSON,
622,Oquirrh-Stansbury,D:/Users/tyler/Desktop/test website/hunt_boundaries.geojson,GeoJSON,
624,"West Desert, Tintic",D:/Users/tyler/Desktop/test website/hunt_boundaries.geojson,GeoJSON,
690,Ferron Lower,D:/Users/tyler/Desktop/test website/hunt_boundaries.geojson,GeoJSON,
709,Cache County (Sharp-tailed grouse),D:/Users/tyler/Desktop/test website/hunt_boundaries.geojson,GeoJSON,
710,San Juan,D:/Users/tyler/Desktop/test website/hunt_boundaries.geojson,GeoJSON,
711,"Wasatch Mtns, Currant Creek-North",D:/Users/tyler/Desktop/test website/hunt_boundaries.geojson,GeoJSON,
714,"Book Cliffs, North",D:/Users/tyler/Desktop/test website/hunt_boundaries.geojson,GeoJSON,
715,Cache/Morgan-South Rich/Ogden,D:/Users/tyler/Desktop/test website/hunt_boundaries.geojson,GeoJSON,
716,"Nebo/Wasatch Mtns, West",D:/Users/tyler/Desktop/test website/hunt_boundaries.geojson,GeoJSON,
717,"Mt Dutton/Paunsaugunt, Johns Valley",D:/Users/tyler/Desktop/test website/hunt_boundaries.geojson,GeoJSON,
718,"Panguitch Lake/Zion, North",D:/Users/tyler/Desktop/test website/hunt_boundaries.geojson,GeoJSON,
720,"Wasatch Mtns, Box Elder Peak/Lone Peak/Timpanogos",D:/Users/tyler/Desktop/test website/hunt_boundaries.geojson,GeoJSON,
721,TL Bar Ranch,D:/Users/tyler/Desktop/test website/hunt_boundaries.geojson,GeoJSON,
722,"Beaver, Beaver Valley",D:/Users/tyler/Desktop/test website/hunt_boundaries.geojson,GeoJSON,
725,"Mt Dutton/Paunsaugunt, Johns Valley C",D:/Users/tyler/Desktop/test website/hunt_boundaries.geojson,GeoJSON,
729,"Pine Valley, North",D:/Users/tyler/Desktop/test website/hunt_boundaries.geojson,GeoJSON,
730,"Pine Valley, South",D:/Users/tyler/Desktop/test website/hunt_boundaries.geojson,GeoJSON,
739,RLF Deep Creek,D:/Users/tyler/Desktop/test website/hunt_boundaries.geojson,GeoJSON,
740,Sand Creek,D:/Users/tyler/Desktop/test website/hunt_boundaries.geojson,GeoJSON,
741,Spring Creek Acres,D:/Users/tyler/Desktop/test website/hunt_boundaries.geojson,GeoJSON,
743,Wasatch Mtns/Central Mtns,D:/Users/tyler/Desktop/test website/hunt_boundaries.geojson,GeoJSON,
744,"Manti South/San Rafael, North",D:/Users/tyler/Desktop/test website/hunt_boundaries.geojson,GeoJSON,
747,"Book Cliffs, Bitter Creek East",D:/Users/tyler/Desktop/test website/hunt_boundaries.geojson,GeoJSON,
750,"Cache, Cache Valley Northeast Benches",D:/Users/tyler/Desktop/test website/hunt_boundaries.geojson,GeoJSON,
752,"Book Cliffs, Rattlesnake Canyon/Nine Mile, South",D:/Users/tyler/Desktop/test website/hunt_boundaries.geojson,GeoJSON,
753,"Nine Mile, North",D:/Users/tyler/Desktop/test website/hunt_boundaries.geojson,GeoJSON,
85,"Fillmore, Oak Creek LE",D:/Users/tyler/Desktop/test website/hunt_boundaries.geojson,GeoJSON,
245,"West Desert, Rush Valley",D:/Users/tyler/Desktop/test website/hunt_boundaries.geojson,GeoJSON,
681,"Wasatch Mtns, Avintaquin-Wildcat",D:/Users/tyler/Desktop/test website/hunt_boundaries.geojson,GeoJSON,
682,"Box Elder, Pilot Mtn",D:/Users/tyler/Desktop/test website/hunt_boundaries.geojson,GeoJSON,
754,Alton/North Fork,D:/Users/tyler/Desktop/test website/hunt_boundaries.geojson,GeoJSON,
757,Bountiful,D:/Users/tyler/Desktop/test website/hunt_boundaries.geojson,GeoJSON,
758,Cache East,D:/Users/tyler/Desktop/test website/hunt_boundaries.geojson,GeoJSON,
759,Cache West,D:/Users/tyler/Desktop/test website/hunt_boundaries.geojson,GeoJSON,
761,Enterprise,D:/Users/tyler/Desktop/test website/hunt_boundaries.geojson,GeoJSON,
762,Escalante,D:/Users/tyler/Desktop/test website/hunt_boundaries.geojson,GeoJSON,
763,Fillmore (turkey),D:/Users/tyler/Desktop/test website/hunt_boundaries.geojson,GeoJSON,
764,Honeyville,D:/Users/tyler/Desktop/test website/hunt_boundaries.geojson,GeoJSON,
765,Kanosh,D:/Users/tyler/Desktop/test website/hunt_boundaries.geojson,GeoJSON,
766,Mantua,D:/Users/tyler/Desktop/test website/hunt_boundaries.geojson,GeoJSON,
767,Morgan,D:/Users/tyler/Desktop/test website/hunt_boundaries.geojson,GeoJSON,
768,North Ash Creek,D:/Users/tyler/Desktop/test website/hunt_boundaries.geojson,GeoJSON,
769,Ogden Valley,D:/Users/tyler/Desktop/test website/hunt_boundaries.geojson,GeoJSON,
770,Parowan/Summit,D:/Users/tyler/Desktop/test website/hunt_boundaries.geojson,GeoJSON,
771,Pinto,D:/Users/tyler/Desktop/test website/hunt_boundaries.geojson,GeoJSON,
773,KANE County,D:/Users/tyler/Desktop/test website/hunt_boundaries.geojson,GeoJSON,
774,MILLARD County,D:/Users/tyler/Desktop/test website/hunt_boundaries.geojson,GeoJSON,
775,SANPETE County,D:/Users/tyler/Desktop/test website/hunt_boundaries.geojson,GeoJSON,
776,CARBON County,D:/Users/tyler/Desktop/test website/hunt_boundaries.geojson,GeoJSON,
777,UTAH County,D:/Users/tyler/Desktop/test website/hunt_boundaries.geojson,GeoJSON,
778,CACHE County A,D:/Users/tyler/Desktop/test website/hunt_boundaries.geojson,GeoJSON,
779,SUMMIT County,D:/Users/tyler/Desktop/test website/hunt_boundaries.geojson,GeoJSON,
780,WASHINGTON County,D:/Users/tyler/Desktop/test website/hunt_boundaries.geojson,GeoJSON,
781,GRAND County,D:/Users/tyler/Desktop/test website/hunt_boundaries.geojson,GeoJSON,
782,UINTAH County A,D:/Users/tyler/Desktop/test website/hunt_boundaries.geojson,GeoJSON,
783,TOOELE County,D:/Users/tyler/Desktop/test website/hunt_boundaries.geojson,GeoJSON,
784,SEVIER County,D:/Users/tyler/Desktop/test website/hunt_boundaries.geojson,GeoJSON,
785,GARFIELD County,D:/Users/tyler/Desktop/test website/hunt_boundaries.geojson,GeoJSON,
786,SAN JUAN County,D:/Users/tyler/Desktop/test website/hunt_boundaries.geojson,GeoJSON,
787,BOX ELDER County,D:/Users/tyler/Desktop/test website/hunt_boundaries.geojson,GeoJSON,
788,IRON County,D:/Users/tyler/Desktop/test website/hunt_boundaries.geojson,GeoJSON,
789,WEBER County,D:/Users/tyler/Desktop/test website/hunt_boundaries.geojson,GeoJSON,
790,EMERY County,D:/Users/tyler/Desktop/test website/hunt_boundaries.geojson,GeoJSON,
791,RICH County A,D:/Users/tyler/Desktop/test website/hunt_boundaries.geojson,GeoJSON,
792,WASATCH County,D:/Users/tyler/Desktop/test website/hunt_boundaries.geojson,GeoJSON,
793,BEAVER County,D:/Users/tyler/Desktop/test website/hunt_boundaries.geojson,GeoJSON,
794,DAGGETT County,D:/Users/tyler/Desktop/test website/hunt_boundaries.geojson,GeoJSON,
795,DAVIS County,D:/Users/tyler/Desktop/test website/hunt_boundaries.geojson,GeoJSON,
796,WAYNE County,D:/Users/tyler/Desktop/test website/hunt_boundaries.geojson,GeoJSON,
797,PIUTE County,D:/Users/tyler/Desktop/test website/hunt_boundaries.geojson,GeoJSON,
798,MORGAN County,D:/Users/tyler/Desktop/test website/hunt_boundaries.geojson,GeoJSON,
799,SALT LAKE County,D:/Users/tyler/Desktop/test website/hunt_boundaries.geojson,GeoJSON,
800,DUCHESNE County,D:/Users/tyler/Desktop/test website/hunt_boundaries.geojson,GeoJSON,
801,JUAB County,D:/Users/tyler/Desktop/test website/hunt_boundaries.geojson,GeoJSON,
802,Fillmore B,D:/Users/tyler/Desktop/test website/hunt_boundaries.geojson,GeoJSON,
804,Fillmore,D:/Users/tyler/Desktop/test website/hunt_boundaries.geojson,GeoJSON,
16,"Box Elder, Desert",D:/Users/tyler/Desktop/test website/hunt_boundaries.geojson,GeoJSON,
27,"Box Elder, Snowville",D:/Users/tyler/Desktop/test website/hunt_boundaries.geojson,GeoJSON,
40,"Cache, Richmond-Hyde Park",D:/Users/tyler/Desktop/test website/hunt_boundaries.geojson,GeoJSON,
54,Milburn,D:/Users/tyler/Desktop/test website/hunt_boundaries.geojson,GeoJSON,
55,"Manti, Morhland Stump Flat",D:/Users/tyler/Desktop/test website/hunt_boundaries.geojson,GeoJSON,
123,"Morgan-South Rich, South Weber",D:/Users/tyler/Desktop/test website/hunt_boundaries.geojson,GeoJSON,
190,"San Juan, South",D:/Users/tyler/Desktop/test website/hunt_boundaries.geojson,GeoJSON,
207,Little Mtn-Buckskin Hills,D:/Users/tyler/Desktop/test website/hunt_boundaries.geojson,GeoJSON,
208,Vernal,D:/Users/tyler/Desktop/test website/hunt_boundaries.geojson,GeoJSON,
209,Vernal-Blue Mtn,D:/Users/tyler/Desktop/test website/hunt_boundaries.geojson,GeoJSON,
250,Youth Late Season Any Bull,D:/Users/tyler/Desktop/test website/hunt_boundaries.geojson,GeoJSON,
252,"Zion, Northwest Zion",D:/Users/tyler/Desktop/test website/hunt_boundaries.geojson,GeoJSON,
262,Youth General Any Bull Elk,D:/Users/tyler/Desktop/test website/hunt_boundaries.geojson,GeoJSON,
454,Statewide,D:/Users/tyler/Desktop/test website/hunt_boundaries.geojson,GeoJSON,
461,Diamond Mtn/Bonanza,D:/Users/tyler/Desktop/test website/hunt_boundaries.geojson,GeoJSON,
483,"Southwest Desert, Northwest Part",D:/Users/tyler/Desktop/test website/hunt_boundaries.geojson,GeoJSON,
531,Johnson Mtn Ranch,D:/Users/tyler/Desktop/test website/hunt_boundaries.geojson,GeoJSON,
583,Heartland West,D:/Users/tyler/Desktop/test website/hunt_boundaries.geojson,GeoJSON,
595,TJ Cattle Company,D:/Users/tyler/Desktop/test website/hunt_boundaries.geojson,GeoJSON,
669,San Juan (bear),D:/Users/tyler/Desktop/test website/hunt_boundaries.geojson,GeoJSON,
686,Deer Creek,D:/Users/tyler/Desktop/test website/hunt_boundaries.geojson,GeoJSON,
695,Boulder East,D:/Users/tyler/Desktop/test website/hunt_boundaries.geojson,GeoJSON,
697,Boulder West,D:/Users/tyler/Desktop/test website/hunt_boundaries.geojson,GeoJSON,
698,Fishlake/Thousand Lakes East,D:/Users/tyler/Desktop/test website/hunt_boundaries.geojson,GeoJSON,
723,"Monroe, Koosharem Valley",D:/Users/tyler/Desktop/test website/hunt_boundaries.geojson,GeoJSON,
724,Monroe/Mt Dutton/Plateau,D:/Users/tyler/Desktop/test website/hunt_boundaries.geojson,GeoJSON,
748,"Mt Dutton, Circleville South",D:/Users/tyler/Desktop/test website/hunt_boundaries.geojson,GeoJSON,
749,"Beaver, Circleville North",D:/Users/tyler/Desktop/test website/hunt_boundaries.geojson,GeoJSON,
755,"Box Elder, West",D:/Users/tyler/Desktop/test website/hunt_boundaries.geojson,GeoJSON,
756,"San Rafael, South",D:/Users/tyler/Desktop/test website/hunt_boundaries.geojson,GeoJSON,
772,Tropic,D:/Users/tyler/Desktop/test website/hunt_boundaries.geojson,GeoJSON,
803,Cache Laketown Extended Archery,D:/Users/tyler/Desktop/test website/hunt_boundaries.geojson,GeoJSON,
805,West Willow Creek Ranch,D:/Users/tyler/Desktop/test website/hunt_boundaries.geojson,GeoJSON,
806,George Creek,D:/Users/tyler/Desktop/test website/hunt_boundaries.geojson,GeoJSON,
809,"Box Elder, East",D:/Users/tyler/Desktop/test website/hunt_boundaries.geojson,GeoJSON,
810,Ephraim,D:/Users/tyler/Desktop/test website/hunt_boundaries.geojson,GeoJSON,
811,"Ferron Canyon, East",D:/Users/tyler/Desktop/test website/hunt_boundaries.geojson,GeoJSON,
812,"Ogden, West",D:/Users/tyler/Desktop/test website/hunt_boundaries.geojson,GeoJSON,
813,"San Rafael, North-Cleveland",D:/Users/tyler/Desktop/test website/hunt_boundaries.geojson,GeoJSON,
814,"Vernal, Mosby Mtn",D:/Users/tyler/Desktop/test website/hunt_boundaries.geojson,GeoJSON,
815,"Panguitch Lake, Markagunt Plateau",D:/Users/tyler/Desktop/test website/hunt_boundaries.geojson,GeoJSON,
816,"Panguitch Lake, Sandy Creek",D:/Users/tyler/Desktop/test website/hunt_boundaries.geojson,GeoJSON,
817,"Wasatch Mtns, Avintaquin-White River",D:/Users/tyler/Desktop/test website/hunt_boundaries.geojson,GeoJSON,
818,"San Juan, Desert",D:/Users/tyler/Desktop/test website/hunt_boundaries.geojson,GeoJSON,
819,"San Juan, Mountains",D:/Users/tyler/Desktop/test website/hunt_boundaries.geojson,GeoJSON,
821,"Nine Mile, Gray Canyon",D:/Users/tyler/Desktop/test website/hunt_boundaries.geojson,GeoJSON,
823,"North Slope, Bare Top/West Daggett",D:/Users/tyler/Desktop/test website/hunt_boundaries.geojson,GeoJSON,
825,Mecham Ridge,D:/Users/tyler/Desktop/test website/hunt_boundaries.geojson,GeoJSON,
828,Royal Ivory Outfitters,D:/Users/tyler/Desktop/test website/hunt_boundaries.geojson,GeoJSON,
829,Snowville Flat,D:/Users/tyler/Desktop/test website/hunt_boundaries.geojson,GeoJSON,
2,"Monroe, Rock Springs",D:/Users/tyler/Desktop/test website/hunt_boundaries.geojson,GeoJSON,
21,"Oquirrh-Stansbury, Settlement Cyn",D:/Users/tyler/Desktop/test website/hunt_boundaries.geojson,GeoJSON,
22,"Panguitch Lake, Parowan Front",D:/Users/tyler/Desktop/test website/hunt_boundaries.geojson,GeoJSON,
25,"Box Elder, Puddle Valley",D:/Users/tyler/Desktop/test website/hunt_boundaries.geojson,GeoJSON,
31,"Southwest Desert, Garrison",D:/Users/tyler/Desktop/test website/hunt_boundaries.geojson,GeoJSON,
84,"Wasatch Mtns, West-Sheep Creek",D:/Users/tyler/Desktop/test website/hunt_boundaries.geojson,GeoJSON,
87,Chalk Creek-private lands only,D:/Users/tyler/Desktop/test website/hunt_boundaries.geojson,GeoJSON,
115,"Monroe/Plateau, Seveir Valley",D:/Users/tyler/Desktop/test website/hunt_boundaries.geojson,GeoJSON,
234,"Wasatch Mtns, Salt Lake",D:/Users/tyler/Desktop/test website/hunt_boundaries.geojson,GeoJSON,
239,"Wasatch Mtns, West-Strawberry",D:/Users/tyler/Desktop/test website/hunt_boundaries.geojson,GeoJSON,
249,"Wasatch Mtns, Timpanogos C",D:/Users/tyler/Desktop/test website/hunt_boundaries.geojson,GeoJSON,
485,Moon Ranch,D:/Users/tyler/Desktop/test website/hunt_boundaries.geojson,GeoJSON,
502,Promontory Point,D:/Users/tyler/Desktop/test website/hunt_boundaries.geojson,GeoJSON,
522,Ensign Ranches,D:/Users/tyler/Desktop/test website/hunt_boundaries.geojson,GeoJSON,
538,Emma Park,D:/Users/tyler/Desktop/test website/hunt_boundaries.geojson,GeoJSON,
544,Conover-Jensen,D:/Users/tyler/Desktop/test website/hunt_boundaries.geojson,GeoJSON,
550,Hiawatha,D:/Users/tyler/Desktop/test website/hunt_boundaries.geojson,GeoJSON,
566,Cedar Canyon,D:/Users/tyler/Desktop/test website/hunt_boundaries.geojson,GeoJSON,
573,Guildersleeve,D:/Users/tyler/Desktop/test website/hunt_boundaries.geojson,GeoJSON,
576,SJ Ranch,D:/Users/tyler/Desktop/test website/hunt_boundaries.geojson,GeoJSON,
592,Pine Canyon,D:/Users/tyler/Desktop/test website/hunt_boundaries.geojson,GeoJSON,
679,Eastern Box Elder goose area,D:/Users/tyler/Desktop/test website/hunt_boundaries.geojson,GeoJSON,
712,Northern goose area,D:/Users/tyler/Desktop/test website/hunt_boundaries.geojson,GeoJSON,
713,Wasatch Front goose area,D:/Users/tyler/Desktop/test website/hunt_boundaries.geojson,GeoJSON,
734,Jump Creek,D:/Users/tyler/Desktop/test website/hunt_boundaries.geojson,GeoJSON,
822,"Book Cliffs, Wild Horse Bench/Nine Mile, Anthro",D:/Users/tyler/Desktop/test website/hunt_boundaries.geojson,GeoJSON,
831,"Beaver, North",D:/Users/tyler/Desktop/test website/hunt_boundaries.geojson,GeoJSON,
832,Ferron Canyon Southeast,D:/Users/tyler/Desktop/test website/hunt_boundaries.geojson,GeoJSON,
833,"Monroe, Annabella",D:/Users/tyler/Desktop/test website/hunt_boundaries.geojson,GeoJSON,
834,"Monroe, Foothills",D:/Users/tyler/Desktop/test website/hunt_boundaries.geojson,GeoJSON,
836,Last Chance Desert,D:/Users/tyler/Desktop/test website/hunt_boundaries.geojson,GeoJSON,
837,Mt Dutton/Plateau,D:/Users/tyler/Desktop/test website/hunt_boundaries.geojson,GeoJSON,
838,"Paunsaugunt, Hatch Bench",D:/Users/tyler/Desktop/test website/hunt_boundaries.geojson,GeoJSON,
839,"Pine Valley, Enterprise",D:/Users/tyler/Desktop/test website/hunt_boundaries.geojson,GeoJSON,
840,"Pine Valley, New Harmony",D:/Users/tyler/Desktop/test website/hunt_boundaries.geojson,GeoJSON,
841,"Pine Valley, Quichapa",D:/Users/tyler/Desktop/test website/hunt_boundaries.geojson,GeoJSON,
842,Antimony,D:/Users/tyler/Desktop/test website/hunt_boundaries.geojson,GeoJSON,
843,Boulder-Fishlake,D:/Users/tyler/Desktop/test website/hunt_boundaries.geojson,GeoJSON,
844,Fremont River Valley,D:/Users/tyler/Desktop/test website/hunt_boundaries.geojson,GeoJSON,
845,"Wasatch Mtns, West-Central",D:/Users/tyler/Desktop/test website/hunt_boundaries.geojson,GeoJSON,
846,Northern duck zone,D:/Users/tyler/Desktop/test website/hunt_boundaries.geojson,GeoJSON,
847,Southern goose area,D:/Users/tyler/Desktop/test website/hunt_boundaries.geojson,GeoJSON,
848,Southern duck zone,D:/Users/tyler/Desktop/test website/hunt_boundaries.geojson,GeoJSON,
850,"Beaver, West Pine Creek",D:/Users/tyler/Desktop/test website/hunt_boundaries.geojson,GeoJSON,
851,West Mountain Extended Archery Area,D:/Users/tyler/Desktop/test website/hunt_boundaries.geojson,GeoJSON,
852,Monticello Extended Archery Area,D:/Users/tyler/Desktop/test website/hunt_boundaries.geojson,GeoJSON,
853,Green River Extended Archery Area,D:/Users/tyler/Desktop/test website/hunt_boundaries.geojson,GeoJSON,
854,Nebo/Wasatch Mtns,D:/Users/tyler/Desktop/test website/hunt_boundaries.geojson,GeoJSON,
855,Oquirrh Extended Archery Area,D:/Users/tyler/Desktop/test website/hunt_boundaries.geojson,GeoJSON,
857,Southeastern Region-Navajo buck deer,D:/Users/tyler/Desktop/test website/hunt_boundaries.geojson,GeoJSON,
3,"Henry Mtns/Plateau, Boulder/Kaiparowits",D:/Users/tyler/Desktop/test website/hunt_boundaries.geojson,GeoJSON,
6,"Nine Mile, Green River Valley",D:/Users/tyler/Desktop/test website/hunt_boundaries.geojson,GeoJSON,
11,"Nine Mile, Price River Valley",D:/Users/tyler/Desktop/test website/hunt_boundaries.geojson,GeoJSON,
23,"San Juan, Monticello",D:/Users/tyler/Desktop/test website/hunt_boundaries.geojson,GeoJSON,
36,"Cache, North",D:/Users/tyler/Desktop/test website/hunt_boundaries.geojson,GeoJSON,
75,"Oquirrh-Stansbury, West",D:/Users/tyler/Desktop/test website/hunt_boundaries.geojson,GeoJSON,
86,"Oquirrh-Stansbury, East",D:/Users/tyler/Desktop/test website/hunt_boundaries.geojson,GeoJSON,
90,"San Rafael, Mounds",D:/Users/tyler/Desktop/test website/hunt_boundaries.geojson,GeoJSON,
91,"Cache, Wellsville Mtns",D:/Users/tyler/Desktop/test website/hunt_boundaries.geojson,GeoJSON,
92,Cache/Ogden,D:/Users/tyler/Desktop/test website/hunt_boundaries.geojson,GeoJSON,
93,Chalk Creek/East Canyon/Morgan-South Rich,D:/Users/tyler/Desktop/test website/hunt_boundaries.geojson,GeoJSON,
101,Herriman South Valley Extended Archery Area,D:/Users/tyler/Desktop/test website/hunt_boundaries.geojson,GeoJSON,
106,South Wasatch Front Extended Archery Area,D:/Users/tyler/Desktop/test website/hunt_boundaries.geojson,GeoJSON,
109,Utah Lake Extended Archery Area,D:/Users/tyler/Desktop/test website/hunt_boundaries.geojson,GeoJSON,
110,"San Rafael, Poison Springs Bench",D:/Users/tyler/Desktop/test website/hunt_boundaries.geojson,GeoJSON,
111,"La Sal, Taylor Flat",D:/Users/tyler/Desktop/test website/hunt_boundaries.geojson,GeoJSON,
112,"Southwest Desert, Cedar Valley",D:/Users/tyler/Desktop/test website/hunt_boundaries.geojson,GeoJSON,
113,East Canyon (private lands),D:/Users/tyler/Desktop/test website/hunt_boundaries.geojson,GeoJSON,
116,"West Desert, Tintic Valley",D:/Users/tyler/Desktop/test website/hunt_boundaries.geojson,GeoJSON,
128,"Nine Mile, Anthro",D:/Users/tyler/Desktop/test website/hunt_boundaries.geojson,GeoJSON,
200,"Wasatch Mtns, Timpanogos",D:/Users/tyler/Desktop/test website/hunt_boundaries.geojson,GeoJSON,
202,"San Rafael, North A",D:/Users/tyler/Desktop/test website/hunt_boundaries.geojson,GeoJSON,
218,Uintah Basin Extended Archery Area,D:/Users/tyler/Desktop/test website/hunt_boundaries.geojson,GeoJSON,
251,"Kamas/North Slope, Summit",D:/Users/tyler/Desktop/test website/hunt_boundaries.geojson,GeoJSON,
282,Wasatch Front Extended Archery Area,D:/Users/tyler/Desktop/test website/hunt_boundaries.geojson,GeoJSON,
283,Sanpete Valley Extended Archery Area,D:/Users/tyler/Desktop/test website/hunt_boundaries.geojson,GeoJSON,
306,"Pine Valley, Virgin River",D:/Users/tyler/Desktop/test website/hunt_boundaries.geojson,GeoJSON,
309,"San Juan, San Juan River",D:/Users/tyler/Desktop/test website/hunt_boundaries.geojson,GeoJSON,
311,Sanpete Valley Extended Archery Area,D:/Users/tyler/Desktop/test website/hunt_boundaries.geojson,GeoJSON,
312,Wasatch Front Extended Archery Area,D:/Users/tyler/Desktop/test website/hunt_boundaries.geojson,GeoJSON,
313,West Cache Extended Archery Area,D:/Users/tyler/Desktop/test website/hunt_boundaries.geojson,GeoJSON,
441,Emigration Township,D:/Users/tyler/Desktop/test website/hunt_boundaries.geojson,GeoJSON,
494,Clear Creek,D:/Users/tyler/Desktop/test website/hunt_boundaries.geojson,GeoJSON,
520,East Fork Chalk Creek,D:/Users/tyler/Desktop/test website/hunt_boundaries.geojson,GeoJSON,
549,Circle E Ranch,D:/Users/tyler/Desktop/test website/hunt_boundaries.geojson,GeoJSON,
554,Double R Ranch,D:/Users/tyler/Desktop/test website/hunt_boundaries.geojson,GeoJSON,
599,Avintaquin Canyon,D:/Users/tyler/Desktop/test website/hunt_boundaries.geojson,GeoJSON,
600,Swan Area,D:/Users/tyler/Desktop/test website/hunt_boundaries.geojson,GeoJSON,
637,Henry Mtns (bison),D:/Users/tyler/Desktop/test website/hunt_boundaries.geojson,GeoJSON,
678,Vernal/Yellowstone/Bonanza,D:/Users/tyler/Desktop/test website/hunt_boundaries.geojson,GeoJSON,
719,Parker Mtn 1,D:/Users/tyler/Desktop/test website/hunt_boundaries.geojson,GeoJSON,
731,West Cache Extended Archery Area,D:/Users/tyler/Desktop/test website/hunt_boundaries.geojson,GeoJSON,
732,Chimney Rock,D:/Users/tyler/Desktop/test website/hunt_boundaries.geojson,GeoJSON,
820,"Nine Mile, Jack Creek",D:/Users/tyler/Desktop/test website/hunt_boundaries.geojson,GeoJSON,
824,Cottonwood Ridge,D:/Users/tyler/Desktop/test website/hunt_boundaries.geojson,GeoJSON,
827,Rock House,D:/Users/tyler/Desktop/test website/hunt_boundaries.geojson,GeoJSON,
835,East Angle,D:/Users/tyler/Desktop/test website/hunt_boundaries.geojson,GeoJSON,
849,Southeastern Region (fall turkey),D:/Users/tyler/Desktop/test website/hunt_boundaries.geojson,GeoJSON,
858,Mountain Sky Ranch,D:/Users/tyler/Desktop/test website/hunt_boundaries.geojson,GeoJSON,
9999,Cedar Springs,D:/Users/tyler/Desktop/test website/hunt_boundaries.geojson,GeoJSON,
142,"North Slope, West Daggett",D:/Users/tyler/Desktop/test website/hunt_boundaries.geojson,GeoJSON,
289,"North Slope, Three Corners/West Daggett",D:/Users/tyler/Desktop/test website/hunt_boundaries.geojson,GeoJSON,
305,"Pine Valley, Beaver Dam",D:/Users/tyler/Desktop/test website/hunt_boundaries.geojson,GeoJSON,
307,"San Juan, Lockhart",D:/Users/tyler/Desktop/test website/hunt_boundaries.geojson,GeoJSON,
308,"San Juan, North",D:/Users/tyler/Desktop/test website/hunt_boundaries.geojson,GeoJSON,
310,"San Juan, South",D:/Users/tyler/Desktop/test website/hunt_boundaries.geojson,GeoJSON,
314,Kaiparowits (HAMS),D:/Users/tyler/Desktop/test website/hunt_boundaries.geojson,GeoJSON,
315,"Town of Alta, designated portion",D:/Users/tyler/Desktop/test website/hunt_boundaries.geojson,GeoJSON,
317,Scott M. Matheson Wetland Preserve,D:/Users/tyler/Desktop/test website/hunt_boundaries.geojson,GeoJSON,
318,Green River near Jensen,D:/Users/tyler/Desktop/test website/hunt_boundaries.geojson,GeoJSON,
319,"Salt Lake County, south of I-80, east of I-15",D:/Users/tyler/Desktop/test website/hunt_boundaries.geojson,GeoJSON,
320,Camp Williams,D:/Users/tyler/Desktop/test website/hunt_boundaries.geojson,GeoJSON,
321,"Silver Lake, Big Cottonwood Canyon",D:/Users/tyler/Desktop/test website/hunt_boundaries.geojson,GeoJSON,
323,Red Butte Research Natural Area,D:/Users/tyler/Desktop/test website/hunt_boundaries.geojson,GeoJSON,
539,Scofield Canyons,D:/Users/tyler/Desktop/test website/hunt_boundaries.geojson,GeoJSON,
540,Scofield East,D:/Users/tyler/Desktop/test website/hunt_boundaries.geojson,GeoJSON,
541,Scofield West,D:/Users/tyler/Desktop/test website/hunt_boundaries.geojson,GeoJSON,
543,Roan Cliffs,D:/Users/tyler/Desktop/test website/hunt_boundaries.geojson,GeoJSON,
551,Minnie Maud Ridge,D:/Users/tyler/Desktop/test website/hunt_boundaries.geojson,GeoJSON,
552,Soldier Summit,D:/Users/tyler/Desktop/test website/hunt_boundaries.geojson,GeoJSON,
562,Strawberry Ridge,D:/Users/tyler/Desktop/test website/hunt_boundaries.geojson,GeoJSON,
593,Stillman Creek Ranch,D:/Users/tyler/Desktop/test website/hunt_boundaries.geojson,GeoJSON,
594,Blue Creek,D:/Users/tyler/Desktop/test website/hunt_boundaries.geojson,GeoJSON,
596,Neil Creek,D:/Users/tyler/Desktop/test website/hunt_boundaries.geojson,GeoJSON,
703,Parker Mtn,D:/Users/tyler/Desktop/test website/hunt_boundaries.geojson,GeoJSON,
859,"East Canyon, Davis-North Salt Lake",D:/Users/tyler/Desktop/test website/hunt_boundaries.geojson,GeoJSON,
860,"Nine Mile, Avintaquin-West Anthro",D:/Users/tyler/Desktop/test website/hunt_boundaries.geojson,GeoJSON,
861,"Manti, West",D:/Users/tyler/Desktop/test website/hunt_boundaries.geojson,GeoJSON,
862,"Manti, South",D:/Users/tyler/Desktop/test website/hunt_boundaries.geojson,GeoJSON,
863,"Fillmore, Kanosh Valley",D:/Users/tyler/Desktop/test website/hunt_boundaries.geojson,GeoJSON,
864,Myton,D:/Users/tyler/Desktop/test website/hunt_boundaries.geojson,GeoJSON,
865,Navajo Nation SR permit area,D:/Users/tyler/Desktop/test website/hunt_boundaries.geojson,GeoJSON,
866,Navajo Nation SER permit area,D:/Users/tyler/Desktop/test website/hunt_boundaries.geojson,GeoJSON,
869,Barney Top/Kaiparowits,D:/Users/tyler/Desktop/test website/hunt_boundaries.geojson,GeoJSON,
870,Boulder Elk,D:/Users/tyler/Desktop/test website/hunt_boundaries.geojson,GeoJSON,
871,"Southwest Desert, North",D:/Users/tyler/Desktop/test website/hunt_boundaries.geojson,GeoJSON,
872,"Southwest Desert, South",D:/Users/tyler/Desktop/test website/hunt_boundaries.geojson,GeoJSON,
873,"Parker Mtn, Highlands",D:/Users/tyler/Desktop/test website/hunt_boundaries.geojson,GeoJSON,
876,Iron Springs,D:/Users/tyler/Desktop/test website/hunt_boundaries.geojson,GeoJSON,
877,Indian Canyon,D:/Users/tyler/Desktop/test website/hunt_boundaries.geojson,GeoJSON,
879,"LaSal, Mtns-North",D:/Users/tyler/Desktop/test website/hunt_boundaries.geojson,GeoJSON,
880,"Vernal, Buckskin Hills-Jensen",D:/Users/tyler/Desktop/test website/hunt_boundaries.geojson,GeoJSON,
881,"Fillmore, Oak City (Archery Only)",D:/Users/tyler/Desktop/test website/hunt_boundaries.geojson,GeoJSON,
882,"Nine Mile, Anthro Pleasant Valley",D:/Users/tyler/Desktop/test website/hunt_boundaries.geojson,GeoJSON,
883,Uinta Basin,D:/Users/tyler/Desktop/test website/hunt_boundaries.geojson,GeoJSON,
884,Southeastern Region (Turkey LE),D:/Users/tyler/Desktop/test website/hunt_boundaries.geojson,GeoJSON,
885,Southern Region (Turkey LE),D:/Users/tyler/Desktop/test website/hunt_boundaries.geojson,GeoJSON,
886,Northeastern Region (Turkey LE),D:/Users/tyler/Desktop/test website/hunt_boundaries.geojson,GeoJSON,
887,Central Region (Turkey LE),D:/Users/tyler/Desktop/test website/hunt_boundaries.geojson,GeoJSON,
888,Northern Region (Turkey LE),D:/Users/tyler/Desktop/test website/hunt_boundaries.geojson,GeoJSON,
67,Central Region,D:/Users/tyler/Desktop/test website/hunt_boundaries.geojson,GeoJSON,
489,Green Canyon,D:/Users/tyler/Desktop/test website/hunt_boundaries.geojson,GeoJSON,
495,Indian Creek,D:/Users/tyler/Desktop/test website/hunt_boundaries.geojson,GeoJSON,
497,Golden Spike,D:/Users/tyler/Desktop/test website/hunt_boundaries.geojson,GeoJSON,
500,Blind Spring,D:/Users/tyler/Desktop/test website/hunt_boundaries.geojson,GeoJSON,
503,Nucor West,D:/Users/tyler/Desktop/test website/hunt_boundaries.geojson,GeoJSON,
505,Coldwater Ranch,D:/Users/tyler/Desktop/test website/hunt_boundaries.geojson,GeoJSON,
513,North Promontory,D:/Users/tyler/Desktop/test website/hunt_boundaries.geojson,GeoJSON,
517,Riverview Ranch LLC,D:/Users/tyler/Desktop/test website/hunt_boundaries.geojson,GeoJSON,
518,Mountain Meadow,D:/Users/tyler/Desktop/test website/hunt_boundaries.geojson,GeoJSON,
519,Engineer Springs,D:/Users/tyler/Desktop/test website/hunt_boundaries.geojson,GeoJSON,
525,Grass Valley/Clark Canyon,D:/Users/tyler/Desktop/test website/hunt_boundaries.geojson,GeoJSON,
527,Bar J Ranch,D:/Users/tyler/Desktop/test website/hunt_boundaries.geojson,GeoJSON,
545,Castle Valley Outdoors,D:/Users/tyler/Desktop/test website/hunt_boundaries.geojson,GeoJSON,
559,Bally Watts,D:/Users/tyler/Desktop/test website/hunt_boundaries.geojson,GeoJSON,
567,Durst Mountain,D:/Users/tyler/Desktop/test website/hunt_boundaries.geojson,GeoJSON,
569,Tunnel Hollow,D:/Users/tyler/Desktop/test website/hunt_boundaries.geojson,GeoJSON,
571,Woodruff Creek South,D:/Users/tyler/Desktop/test website/hunt_boundaries.geojson,GeoJSON,
572,Mountain Top,D:/Users/tyler/Desktop/test website/hunt_boundaries.geojson,GeoJSON,
575,Bear Springs,D:/Users/tyler/Desktop/test website/hunt_boundaries.geojson,GeoJSON,
577,Hardscrabble,D:/Users/tyler/Desktop/test website/hunt_boundaries.geojson,GeoJSON,
579,Folly Ridge,D:/Users/tyler/Desktop/test website/hunt_boundaries.geojson,GeoJSON,
580,Jacob's Creek,D:/Users/tyler/Desktop/test website/hunt_boundaries.geojson,GeoJSON,
581,Antelope Creek,D:/Users/tyler/Desktop/test website/hunt_boundaries.geojson,GeoJSON,
585,Skull Valley South,D:/Users/tyler/Desktop/test website/hunt_boundaries.geojson,GeoJSON,
597,Lazy H Ranch,D:/Users/tyler/Desktop/test website/hunt_boundaries.geojson,GeoJSON,
606,Deer Haven,D:/Users/tyler/Desktop/test website/hunt_boundaries.geojson,GeoJSON,
733,Dilly Ranch,D:/Users/tyler/Desktop/test website/hunt_boundaries.geojson,GeoJSON,
735,Indian Head,D:/Users/tyler/Desktop/test website/hunt_boundaries.geojson,GeoJSON,
736,Patmos Ridge,D:/Users/tyler/Desktop/test website/hunt_boundaries.geojson,GeoJSON,
889,"Book Cliffs, Little Creek/South",D:/Users/tyler/Desktop/test website/hunt_boundaries.geojson,GeoJSON,
890,First Light,D:/Users/tyler/Desktop/test website/hunt_boundaries.geojson,GeoJSON,
891,Sweetwater,D:/Users/tyler/Desktop/test website/hunt_boundaries.geojson,GeoJSON,
892,Big Piney Mountain Ranch,D:/Users/tyler/Desktop/test website/hunt_boundaries.geojson,GeoJSON,
893,"Southwest Desert, Burbank/Garrison",D:/Users/tyler/Desktop/test website/hunt_boundaries.geojson,GeoJSON,
894,"Southwest Desert, Desert Experimental Range",D:/Users/tyler/Desktop/test website/hunt_boundaries.geojson,GeoJSON,
895,Vernal-Ouray Valley,D:/Users/tyler/Desktop/test website/hunt_boundaries.geojson,GeoJSON,
896,Escalante,D:/Users/tyler/Desktop/test website/hunt_boundaries.geojson,GeoJSON,
897,Oak City,D:/Users/tyler/Desktop/test website/hunt_boundaries.geojson,GeoJSON,
898,Central Region (fall turkey),D:/Users/tyler/Desktop/test website/hunt_boundaries.geojson,GeoJSON,
900,West Desert_StagingBoundary,D:/Users/tyler/Desktop/test website/hunt_boundaries.geojson,GeoJSON,
903,Shoshone Aborigonal Lands,D:/Users/tyler/Desktop/test website/hunt_boundaries.geojson,GeoJSON,
905,Faust Valley,D:/Users/tyler/Desktop/test website/hunt_boundaries.geojson,GeoJSON,
909,"Vernal, Ashley Valley",D:/Users/tyler/Desktop/test website/hunt_boundaries.geojson,GeoJSON,
910,"Fillmore, Fillmore City",D:/Users/tyler/Desktop/test website/hunt_boundaries.geojson,GeoJSON,
911,Northern Region (fall turkey),D:/Users/tyler/Desktop/test website/hunt_boundaries.geojson,GeoJSON,
913,Northern Region (fall turkey),D:/Users/tyler/Desktop/test website/hunt_boundaries.geojson,GeoJSON,
914,Northern Region (fall turkey),D:/Users/tyler/Desktop/test website/hunt_boundaries.geojson,GeoJSON,
915,Northern Region (fall turkey),D:/Users/tyler/Desktop/test website/hunt_boundaries.geojson,GeoJSON,
916,Northern Region (fall turkey),D:/Users/tyler/Desktop/test website/hunt_boundaries.geojson,GeoJSON,
12,"Book Cliffs, Little Creek Roadless",D:/Users/tyler/Desktop/test website/hunt_boundaries.geojson,GeoJSON,
201,Heist,D:/Users/tyler/Desktop/test website/hunt_boundaries.geojson,GeoJSON,
490,Sharp Mountain,D:/Users/tyler/Desktop/test website/hunt_boundaries.geojson,GeoJSON,
492,North Peaks,D:/Users/tyler/Desktop/test website/hunt_boundaries.geojson,GeoJSON,
504,Park Valley Hereford,D:/Users/tyler/Desktop/test website/hunt_boundaries.geojson,GeoJSON,
509,The Rose of Snowville,D:/Users/tyler/Desktop/test website/hunt_boundaries.geojson,GeoJSON,
512,Dove Creek,D:/Users/tyler/Desktop/test website/hunt_boundaries.geojson,GeoJSON,
516,Double Cone,D:/Users/tyler/Desktop/test website/hunt_boundaries.geojson,GeoJSON,
524,Weber Florence Creek,D:/Users/tyler/Desktop/test website/hunt_boundaries.geojson,GeoJSON,
533,Mt Carmel,D:/Users/tyler/Desktop/test website/hunt_boundaries.geojson,GeoJSON,
555,Heaston East,D:/Users/tyler/Desktop/test website/hunt_boundaries.geojson,GeoJSON,
556,Coyote Little Pole,D:/Users/tyler/Desktop/test website/hunt_boundaries.geojson,GeoJSON,
557,Allen Ranch,D:/Users/tyler/Desktop/test website/hunt_boundaries.geojson,GeoJSON,
565,Middle Ridge,D:/Users/tyler/Desktop/test website/hunt_boundaries.geojson,GeoJSON,
568,Deseret,D:/Users/tyler/Desktop/test website/hunt_boundaries.geojson,GeoJSON,
574,Pisgah Mountain,D:/Users/tyler/Desktop/test website/hunt_boundaries.geojson,GeoJSON,
586,Wallsburg,D:/Users/tyler/Desktop/test website/hunt_boundaries.geojson,GeoJSON,
589,Junction Valley,D:/Users/tyler/Desktop/test website/hunt_boundaries.geojson,GeoJSON,
603,Park Valley,D:/Users/tyler/Desktop/test website/hunt_boundaries.geojson,GeoJSON,
737,Plymouth Peak,D:/Users/tyler/Desktop/test website/hunt_boundaries.geojson,GeoJSON,
807,East Zion,D:/Users/tyler/Desktop/test website/hunt_boundaries.geojson,GeoJSON,
826,Pahvant Ensign,D:/Users/tyler/Desktop/test website/hunt_boundaries.geojson,GeoJSON,
830,Cedar Springs,D:/Users/tyler/Desktop/test website/hunt_boundaries.geojson,GeoJSON,
856,Rosette,D:/Users/tyler/Desktop/test website/hunt_boundaries.geojson,GeoJSON,
874,West Ridge,D:/Users/tyler/Desktop/test website/hunt_boundaries.geojson,GeoJSON,
875,Raft River,D:/Users/tyler/Desktop/test website/hunt_boundaries.geojson,GeoJSON,
878,5S Land and Livestock,D:/Users/tyler/Desktop/test website/hunt_boundaries.geojson,GeoJSON,
906,Salt Wells,D:/Users/tyler/Desktop/test website/hunt_boundaries.geojson,GeoJSON,
907,Red Iron,D:/Users/tyler/Desktop/test website/hunt_boundaries.geojson,GeoJSON,
908,Dry Creek,D:/Users/tyler/Desktop/test website/hunt_boundaries.geojson,GeoJSON,
912,Northern Region (fall turkey),D:/Users/tyler/Desktop/test website/hunt_boundaries.geojson,GeoJSON,
918,Green River Flat,D:/Users/tyler/Desktop/test website/hunt_boundaries.geojson,GeoJSON,
920,"Wasatch Mtns, Tabby Mtn",D:/Users/tyler/Desktop/test website/hunt_boundaries.geojson,GeoJSON,
921,"Wasatch Mtns, Rabbit Gulch",D:/Users/tyler/Desktop/test website/hunt_boundaries.geojson,GeoJSON,
922,Kimberly,D:/Users/tyler/Desktop/test website/hunt_boundaries.geojson,GeoJSON,
923,The Dirty Dozen,D:/Users/tyler/Desktop/test website/hunt_boundaries.geojson,GeoJSON,
924,Ogden (excludes Hyrum),D:/Users/tyler/Desktop/test website/hunt_boundaries.geojson,GeoJSON,
925,Cedar/Stansbury,D:/Users/tyler/Desktop/test website/hunt_boundaries.geojson,GeoJSON,
926,"West Desert, Swasey",D:/Users/tyler/Desktop/test website/hunt_boundaries.geojson,GeoJSON,
927,Oquirrh/Tintic,D:/Users/tyler/Desktop/test website/hunt_boundaries.geojson,GeoJSON,
928,Little Rockies,D:/Users/tyler/Desktop/test website/hunt_boundaries.geojson,GeoJSON,
929,"San Juan, Mancos Mesa",D:/Users/tyler/Desktop/test website/hunt_boundaries.geojson,GeoJSON,
930,Moab Valley,D:/Users/tyler/Desktop/test website/hunt_boundaries.geojson,GeoJSON,
931,Uinta Basin Private Lands Any Bull Elk,D:/Users/tyler/Desktop/test website/hunt_boundaries.geojson,GeoJSON,
932,Castle Valley,D:/Users/tyler/Desktop/test website/hunt_boundaries.geojson,GeoJSON,
933,"Escalante, East",D:/Users/tyler/Desktop/test website/hunt_boundaries.geojson,GeoJSON,
934,"Escalante, West",D:/Users/tyler/Desktop/test website/hunt_boundaries.geojson,GeoJSON,
9218,Uintah Basin Extended Archery Area,D:/Users/tyler/Desktop/test website/hunt_boundaries.geojson,GeoJSON,
10002,"West Desert, Keg Mtn",D:/Users/tyler/Desktop/test website/hunt_boundaries.geojson,GeoJSON,
10003,Mineral Mountain,D:/Users/tyler/Desktop/test website/hunt_boundaries.geojson,GeoJSON,
18,"Box Elder, Hansel Mtn",D:/Users/tyler/Desktop/test website/hunt_boundaries.geojson,GeoJSON,
33,"Cache, Meadowville",D:/Users/tyler/Desktop/test website/hunt_boundaries.geojson,GeoJSON,
51,Manti,D:/Users/tyler/Desktop/test website/hunt_boundaries.geojson,GeoJSON,
69,Chalk Creek,D:/Users/tyler/Desktop/test website/hunt_boundaries.geojson,GeoJSON,
81,"Fillmore, Oak Creek South",D:/Users/tyler/Desktop/test website/hunt_boundaries.geojson,GeoJSON,
88,"Fillmore, Pahvant",D:/Users/tyler/Desktop/test website/hunt_boundaries.geojson,GeoJSON,
94,Henry Mtns,D:/Users/tyler/Desktop/test website/hunt_boundaries.geojson,GeoJSON,
107,"Nebo, Moroni Hills",D:/Users/tyler/Desktop/test website/hunt_boundaries.geojson,GeoJSON,
108,Dolores Triangle,D:/Users/tyler/Desktop/test website/hunt_boundaries.geojson,GeoJSON,
117,Morgan-South Rich,D:/Users/tyler/Desktop/test website/hunt_boundaries.geojson,GeoJSON,
129,"Nine Mile, Anthro-Myton Bench",D:/Users/tyler/Desktop/test website/hunt_boundaries.geojson,GeoJSON,
143,"North Slope, Summit/West Daggett",D:/Users/tyler/Desktop/test website/hunt_boundaries.geojson,GeoJSON,
163,Paunsaugunt,D:/Users/tyler/Desktop/test website/hunt_boundaries.geojson,GeoJSON,
175,Fishlake/Thousand Lakes,D:/Users/tyler/Desktop/test website/hunt_boundaries.geojson,GeoJSON,
183,San Juan Bull Elk,D:/Users/tyler/Desktop/test website/hunt_boundaries.geojson,GeoJSON,
188,"San Juan, Montezuma Canyon",D:/Users/tyler/Desktop/test website/hunt_boundaries.geojson,GeoJSON,
194,"San Rafael, North",D:/Users/tyler/Desktop/test website/hunt_boundaries.geojson,GeoJSON,
206,Diamond Mtn,D:/Users/tyler/Desktop/test website/hunt_boundaries.geojson,GeoJSON,
222,Wasatch Mtns,D:/Users/tyler/Desktop/test website/hunt_boundaries.geojson,GeoJSON,
241,"West Desert, Deep Creek",D:/Users/tyler/Desktop/test website/hunt_boundaries.geojson,GeoJSON,
276,East Canyon,D:/Users/tyler/Desktop/test website/hunt_boundaries.geojson,GeoJSON,
277,"Nine Mile, Range Creek",D:/Users/tyler/Desktop/test website/hunt_boundaries.geojson,GeoJSON,
301,"Book Cliffs, Floy Canyon",D:/Users/tyler/Desktop/test website/hunt_boundaries.geojson,GeoJSON,
302,"Cache, North",D:/Users/tyler/Desktop/test website/hunt_boundaries.geojson,GeoJSON,
303,"Cache, South",D:/Users/tyler/Desktop/test website/hunt_boundaries.geojson,GeoJSON,
304,"Cache, Wellsville",D:/Users/tyler/Desktop/test website/hunt_boundaries.geojson,GeoJSON,
455,Boulder/Kaiparowits,D:/Users/tyler/Desktop/test website/hunt_boundaries.geojson,GeoJSON,
609,Ogden,D:/Users/tyler/Desktop/test website/hunt_boundaries.geojson,GeoJSON,
611,Kamas,D:/Users/tyler/Desktop/test website/hunt_boundaries.geojson,GeoJSON,
613,Yellowstone,D:/Users/tyler/Desktop/test website/hunt_boundaries.geojson,GeoJSON,
614,Vernal/Bonanza,D:/Users/tyler/Desktop/test website/hunt_boundaries.geojson,GeoJSON,
617,La Sal Mtns,D:/Users/tyler/Desktop/test website/hunt_boundaries.geojson,GeoJSON,
625,Southwest Desert,D:/Users/tyler/Desktop/test website/hunt_boundaries.geojson,GeoJSON,
629,Monroe,D:/Users/tyler/Desktop/test website/hunt_boundaries.geojson,GeoJSON,
630,Mt Dutton,D:/Users/tyler/Desktop/test website/hunt_boundaries.geojson,GeoJSON,
634,Panguitch Lake,D:/Users/tyler/Desktop/test website/hunt_boundaries.geojson,GeoJSON,
635,Zion,D:/Users/tyler/Desktop/test website/hunt_boundaries.geojson,GeoJSON,
636,Pine Valley,D:/Users/tyler/Desktop/test website/hunt_boundaries.geojson,GeoJSON,
639,"Cache, East Rich",D:/Users/tyler/Desktop/test website/hunt_boundaries.geojson,GeoJSON,
672,"Beaver, West",D:/Users/tyler/Desktop/test website/hunt_boundaries.geojson,GeoJSON,
685,"Beaver, East",D:/Users/tyler/Desktop/test website/hunt_boundaries.geojson,GeoJSON,
742,"Wasatch Mtns, North",D:/Users/tyler/Desktop/test website/hunt_boundaries.geojson,GeoJSON,
751,"San Rafael, South-Dirty Devil",D:/Users/tyler/Desktop/test website/hunt_boundaries.geojson,GeoJSON,
867,"Box Elder, Grouse Creek",D:/Users/tyler/Desktop/test website/hunt_boundaries.geojson,GeoJSON,
868,"Box Elder, Sawtooth",D:/Users/tyler/Desktop/test website/hunt_boundaries.geojson,GeoJSON,
899,"Book Cliffs, Bitter Creek/East",D:/Users/tyler/Desktop/test website/hunt_boundaries.geojson,GeoJSON,
901,Nebo/San Pitch Mtns,D:/Users/tyler/Desktop/test website/hunt_boundaries.geojson,GeoJSON,
902,Valley Mtns,D:/Users/tyler/Desktop/test website/hunt_boundaries.geojson,GeoJSON,
904,West Desert,D:/Users/tyler/Desktop/test website/hunt_boundaries.geojson,GeoJSON,
935,$50 Coyote Bounty,D:/Users/tyler/Desktop/test website/hunt_boundaries.geojson,GeoJSON,
488,Whites Valley,D:/Users/tyler/Desktop/test website/hunt_boundaries.geojson,GeoJSON,
496,Rattlesnake Pass,D:/Users/tyler/Desktop/test website/hunt_boundaries.geojson,GeoJSON,
499,Washakie,D:/Users/tyler/Desktop/test website/hunt_boundaries.geojson,GeoJSON,
501,Pocatello Valley,D:/Users/tyler/Desktop/test website/hunt_boundaries.geojson,GeoJSON,
511,West Hills,D:/Users/tyler/Desktop/test website/hunt_boundaries.geojson,GeoJSON,
514,Fort Ranch,D:/Users/tyler/Desktop/test website/hunt_boundaries.geojson,GeoJSON,
542,Preston Nutter Ranch,D:/Users/tyler/Desktop/test website/hunt_boundaries.geojson,GeoJSON,
546,Spring Creek/Dodge,D:/Users/tyler/Desktop/test website/hunt_boundaries.geojson,GeoJSON,
547,Summit Point,D:/Users/tyler/Desktop/test website/hunt_boundaries.geojson,GeoJSON,
548,Redd Ranches,D:/Users/tyler/Desktop/test website/hunt_boundaries.geojson,GeoJSON,
602,Thatcher Mountain,D:/Users/tyler/Desktop/test website/hunt_boundaries.geojson,GeoJSON,
640,Cotton Thomas,D:/Users/tyler/Desktop/test website/hunt_boundaries.geojson,GeoJSON,
808,Blackhawk,D:/Users/tyler/Desktop/test website/hunt_boundaries.geojson,GeoJSON,
919,Prohibition Springs,D:/Users/tyler/Desktop/test website/hunt_boundaries.geojson,GeoJSON,
936,$100 Coyote Bounty,D:/Users/tyler/Desktop/test website/hunt_boundaries.geojson,GeoJSON,
937,"Wasatch Mtns, Salt Lake-Timpanogos",D:/Users/tyler/Desktop/test website/hunt_boundaries.geojson,GeoJSON,
938,"Manti, Ferron-Nelson Mtn",D:/Users/tyler/Desktop/test website/hunt_boundaries.geojson,GeoJSON,
939,"Ogden, North",D:/Users/tyler/Desktop/test website/hunt_boundaries.geojson,GeoJSON,
940,"Parker Mtn, Plains",D:/Users/tyler/Desktop/test website/hunt_boundaries.geojson,GeoJSON,
941,"East Canyon, East",D:/Users/tyler/Desktop/test website/hunt_boundaries.geojson,GeoJSON,
942,Southern Region (fall turkey),D:/Users/tyler/Desktop/test website/hunt_boundaries.geojson,GeoJSON,
943,Southern Region (fall turkey),D:/Users/tyler/Desktop/test website/hunt_boundaries.geojson,GeoJSON,
944,Southern Region (fall turkey),D:/Users/tyler/Desktop/test website/hunt_boundaries.geojson,GeoJSON,
945,Southern Region (fall turkey),D:/Users/tyler/Desktop/test website/hunt_boundaries.geojson,GeoJSON,
946,Southeastern Region (fall turkey),D:/Users/tyler/Desktop/test website/hunt_boundaries.geojson,GeoJSON,
947,Oquirrh,D:/Users/tyler/Desktop/test website/hunt_boundaries.geojson,GeoJSON,
948,House/Tintic,D:/Users/tyler/Desktop/test website/hunt_boundaries.geojson,GeoJSON,
949,West Cache Extended Archery Area (Elk),D:/Users/tyler/Desktop/test website/hunt_boundaries.geojson,GeoJSON,
950,Mt Dutton North,D:/Users/tyler/Desktop/test website/hunt_boundaries.geojson,GeoJSON,
951,"Paunsaugunt, East Creek",D:/Users/tyler/Desktop/test website/hunt_boundaries.geojson,GeoJSON,
952,"Manti, Ferron Lower Escarpment",D:/Users/tyler/Desktop/test website/hunt_boundaries.geojson,GeoJSON,
953,"Wasatch Mtns, Red Creek West",D:/Users/tyler/Desktop/test website/hunt_boundaries.geojson,GeoJSON,
954,"Wasatch Mtns, Wildcat/Timber Canyon",D:/Users/tyler/Desktop/test website/hunt_boundaries.geojson,GeoJSON,
